,annotation_id,annotator,created_at,id,image,label
0,1,1,2023-07-21T15:08:37.698702Z,1,ga24251_Frame_2.jpg,"[{'x': 44.50672645739912, 'y': 22.915411406365717, 'width': 10.87443946188338, 'height': 13.758720412785483, 'rotation': 0, 'rectanglelabels': ['Right'], 'original_width': 1280, 'original_height': 720}, {'x': 70.17937219730942, 'y': 28.89885401096163, 'width': 4.372197309417032, 'height': 6.576980568011958, 'rotation': 0, 'rectanglelabels': ['Stop'], 'original_width': 1280, 'original_height': 720}]"
1,2,1,2023-07-21T15:10:46.530373Z,2,ga24251_Frame_3.jpg,"[{'x': 44.843049327354265, 'y': 24.71350274040857, 'width': 9.641255605381161, 'height': 11.360239162929748, 'rotation': 0, 'rectanglelabels': ['Right'], 'original_width': 1280, 'original_height': 720}, {'x': 70.51569506726457, 'y': 30.09466865969108, 'width': 3.811659192825104, 'height': 5.181863477827605, 'rotation': 0, 'rectanglelabels': ['Stop'], 'original_width': 1280, 'original_height': 720}, {'x': 90.80717488789237, 'y': 28.101644245142005, 'width': 6.50224215246638, 'height': 8.968609865470853, 'rotation': 0, 'rectanglelabels': ['Left'], 'original_width': 1280, 'original_height': 720}]"
2,3,1,2023-07-21T15:11:13.649224Z,3,ga24251_Frame_4.jpg,"[{'x': 45.06726457399103, 'y': 23.916292974588938, 'width': 9.417040358744394, 'height': 12.556053811659194, 'rotation': 0, 'rectanglelabels': ['Right'], 'original_width': 1280, 'original_height': 720}, {'x': 91.25560538116592, 'y': 27.902341803687097, 'width': 5.941704035874437, 'height': 9.16791230692576, 'rotation': 0, 'rectanglelabels': ['Left'], 'original_width': 1280, 'original_height': 720}, {'x': 70.4035874439462, 'y': 29.49676133532636, 'width': 4.7085201793721865, 'height': 4.982561036372694, 'rotation': 0, 'rectanglelabels': ['Stop'], 'original_width': 1280, 'original_height': 720}]"
3,4,1,2023-07-21T15:11:55.218090Z,4,ga24251_Frame_5.jpg,"[{'x': 45.06726457399103, 'y': 23.916292974588938, 'width': 9.641255605381168, 'height': 13.15396113602392, 'rotation': 0, 'rectanglelabels': ['Right'], 'original_width': 1280, 'original_height': 720}, {'x': 91.70403587443946, 'y': 28.101644245142005, 'width': 5.156950672645749, 'height': 8.968609865470853, 'rotation': 0, 'rectanglelabels': ['Left'], 'original_width': 1280, 'original_height': 720}, {'x': 70.73991031390135, 'y': 29.696063776781266, 'width': 4.4843049327354265, 'height': 5.381165919282509, 'rotation': 0, 'rectanglelabels': ['Stop'], 'original_width': 1280, 'original_height': 720}]"
4,5,1,2023-07-21T15:12:21.450490Z,5,ga24251_Frame_6.jpg,"[{'x': 44.843049327354265, 'y': 23.916292974588938, 'width': 9.529147982062774, 'height': 13.15396113602392, 'rotation': 0, 'rectanglelabels': ['Right'], 'original_width': 1280, 'original_height': 720}, {'x': 91.14349775784754, 'y': 26.706527154957648, 'width': 6.278026905829591, 'height': 10.762331838565018, 'rotation': 0, 'rectanglelabels': ['Left'], 'original_width': 1280, 'original_height': 720}, {'x': 70.2914798206278, 'y': 29.895366218236173, 'width': 4.3721973094170465, 'height': 4.982561036372697, 'rotation': 0, 'rectanglelabels': ['Stop'], 'original_width': 1280, 'original_height': 720}]"
5,6,1,2023-07-21T15:12:41.188774Z,6,ga24251_Frame_10.jpg,"[{'x': 44.61883408071749, 'y': 24.314897857498753, 'width': 9.977578475336315, 'height': 12.157448928749378, 'rotation': 0, 'rectanglelabels': ['Right'], 'original_width': 1280, 'original_height': 720}, {'x': 90.91928251121077, 'y': 27.50373692077728, 'width': 6.390134529147986, 'height': 10.164424514200299, 'rotation': 0, 'rectanglelabels': ['Left'], 'original_width': 1280, 'original_height': 720}, {'x': 70.4035874439462, 'y': 30.09466865969108, 'width': 3.587443946188344, 'height': 5.181863477827605, 'rotation': 0, 'rectanglelabels': ['Stop'], 'original_width': 1280, 'original_height': 720}]"
6,7,1,2023-07-21T15:13:06.596101Z,7,ga24251_Frame_11.jpg,"[{'x': 43.609865470852014, 'y': 22.720478325859492, 'width': 9.529147982062781, 'height': 11.958146487294474, 'rotation': 0, 'rectanglelabels': ['Right'], 'original_width': 1280, 'original_height': 720}, {'x': 90.80717488789237, 'y': 26.10861983059293, 'width': 6.0538116591928315, 'height': 10.363726955655203, 'rotation': 0, 'rectanglelabels': ['Left'], 'original_width': 1280, 'original_height': 720}, {'x': 69.50672645739911, 'y': 28.50024912805182, 'width': 4.260089686098652, 'height': 4.5839561534628785, 'rotation': 0, 'rectanglelabels': ['Stop'], 'original_width': 1280, 'original_height': 720}]"
7,8,1,2023-07-21T15:13:36.384747Z,8,ga24251_Frame_12.jpg,"[{'x': 47.19730941704036, 'y': 21.126058794220228, 'width': 10.201793721973097, 'height': 12.954658694569005, 'rotation': 0, 'rectanglelabels': ['Right'], 'original_width': 1280, 'original_height': 720}, {'x': 73.76681614349776, 'y': 28.300946686596912, 'width': 4.147982062780258, 'height': 5.580468360737417, 'rotation': 0, 'rectanglelabels': ['Stop'], 'original_width': 1280, 'original_height': 720}, {'x': 96.30044843049326, 'y': 25.909317389138014, 'width': 3.25112107623319, 'height': 10.363726955655213, 'rotation': 0, 'rectanglelabels': ['Left'], 'original_width': 1280, 'original_height': 720}]"
8,9,1,2023-07-21T15:14:10.713457Z,9,ga24251_Frame_13.jpg,"[{'x': 46.18834080717489, 'y': 21.723966118584954, 'width': 10.762331838565018, 'height': 15.346287992027904, 'rotation': 0, 'rectanglelabels': ['Right'], 'original_width': 1280, 'original_height': 720}, {'x': 73.76681614349776, 'y': 29.297458893871447, 'width': 4.372197309417032, 'height': 5.779770802192328, 'rotation': 0, 'rectanglelabels': ['Stop'], 'original_width': 1280, 'original_height': 720}]"
9,10,1,2023-07-21T15:14:31.776249Z,10,ga24251_Frame_14.jpg,"[{'x': 46.0762331838565, 'y': 22.122571001494766, 'width': 11.210762331838566, 'height': 14.74838066766318, 'rotation': 0, 'rectanglelabels': ['Right'], 'original_width': 1280, 'original_height': 720}, {'x': 73.65470852017937, 'y': 28.89885401096163, 'width': 4.035874439461878, 'height': 5.979073243647239, 'rotation': 0, 'rectanglelabels': ['Stop'], 'original_width': 1280, 'original_height': 720}]"
10,11,1,2023-07-21T15:14:47.961521Z,11,ga24251_Frame_15.jpg,"[{'x': 45.17937219730942, 'y': 21.723966118584954, 'width': 11.098654708520172, 'height': 15.346287992027904, 'rotation': 0, 'rectanglelabels': ['Right'], 'original_width': 1280, 'original_height': 720}, {'x': 73.31838565022422, 'y': 29.09815645241654, 'width': 4.035874439461878, 'height': 6.975585450921777, 'rotation': 0, 'rectanglelabels': ['Stop'], 'original_width': 1280, 'original_height': 720}]"
11,12,1,2023-07-21T15:15:05.094763Z,12,ga24251_Frame_16.jpg,"[{'x': 45.17937219730942, 'y': 21.923268560039862, 'width': 10.986547085201792, 'height': 15.545590433482804, 'rotation': 0, 'rectanglelabels': ['Right'], 'original_width': 1280, 'original_height': 720}, {'x': 72.6457399103139, 'y': 29.49676133532636, 'width': 4.5964125560538065, 'height': 5.979073243647228, 'rotation': 0, 'rectanglelabels': ['Stop'], 'original_width': 1280, 'original_height': 720}]"
12,13,1,2023-07-21T15:15:27.594256Z,13,ga24251_Frame_17.jpg,"[{'x': 40.80717488789238, 'y': 21.723966118584954, 'width': 11.09865470852018, 'height': 15.346287992027904, 'rotation': 0, 'rectanglelabels': ['Right'], 'original_width': 1280, 'original_height': 720}, {'x': 69.73094170403587, 'y': 29.09815645241654, 'width': 4.035874439461892, 'height': 5.779770802192331, 'rotation': 0, 'rectanglelabels': ['Stop'], 'original_width': 1280, 'original_height': 720}]"
13,14,1,2023-07-21T15:15:42.340894Z,14,ga24251_Frame_18.jpg,"[{'x': 42.152466367713004, 'y': 20.328849028400597, 'width': 11.098654708520186, 'height': 14.34977578475337, 'rotation': 0, 'rectanglelabels': ['Right'], 'original_width': 1280, 'original_height': 720}, {'x': 71.18834080717488, 'y': 27.902341803687097, 'width': 4.3721973094170465, 'height': 5.181863477827601, 'rotation': 0, 'rectanglelabels': ['Stop'], 'original_width': 1280, 'original_height': 720}]"
14,15,1,2023-07-21T15:15:59.622963Z,15,ga24251_Frame_19.jpg,"[{'x': 42.488789237668165, 'y': 19.730941704035875, 'width': 10.986547085201792, 'height': 15.744892874937715, 'rotation': 0, 'rectanglelabels': ['Right'], 'original_width': 1280, 'original_height': 720}, {'x': 70.96412556053811, 'y': 27.504134135408982, 'width': 4.596412556053821, 'height': 5.779770802192324, 'rotation': 0, 'rectanglelabels': ['Stop'], 'original_width': 1280, 'original_height': 720}]"
15,16,1,2023-07-21T15:16:16.487812Z,16,ga24251_Frame_20.jpg,"[{'x': 44.39461883408072, 'y': 20.528151469855505, 'width': 11.995515695067269, 'height': 14.150473343298462, 'rotation': 0, 'rectanglelabels': ['Right'], 'original_width': 1280, 'original_height': 720}, {'x': 73.4304932735426, 'y': 27.703039362232186, 'width': 4.708520179372201, 'height': 6.377678126557047, 'rotation': 0, 'rectanglelabels': ['Stop'], 'original_width': 1280, 'original_height': 720}]"
16,17,1,2023-07-21T15:16:32.712311Z,17,ga24251_Frame_21.jpg,"[{'x': 44.73094170403588, 'y': 20.528151469855505, 'width': 12.443946188340803, 'height': 15.744892874937722, 'rotation': 0, 'rectanglelabels': ['Right'], 'original_width': 1280, 'original_height': 720}, {'x': 74.77578475336323, 'y': 28.300946686596912, 'width': 4.5964125560538065, 'height': 6.377678126557054, 'rotation': 0, 'rectanglelabels': ['Stop'], 'original_width': 1280, 'original_height': 720}]"
17,18,1,2023-07-21T15:16:53.443475Z,18,ga24251_Frame_22.jpg,"[{'x': 44.73094170403588, 'y': 19.730941704035875, 'width': 12.55605381165919, 'height': 16.34280019930244, 'rotation': 0, 'rectanglelabels': ['Right'], 'original_width': 1280, 'original_height': 720}, {'x': 75.33632286995515, 'y': 28.89885401096163, 'width': 4.596412556053821, 'height': 5.181863477827601, 'rotation': 0, 'rectanglelabels': ['Stop'], 'original_width': 1280, 'original_height': 720}]"
18,19,1,2023-07-21T15:17:10.286055Z,19,ga24251_Frame_23.jpg,"[{'x': 45.06726457399103, 'y': 18.33582461385152, 'width': 13.116591928251118, 'height': 18.33582461385152, 'rotation': 0, 'rectanglelabels': ['Right'], 'original_width': 1280, 'original_height': 720}, {'x': 76.68161434977578, 'y': 28.101644245142005, 'width': 4.4843049327354265, 'height': 6.377678126557051, 'rotation': 0, 'rectanglelabels': ['Stop'], 'original_width': 1280, 'original_height': 720}]"
19,20,1,2023-07-21T15:17:23.466958Z,20,ga24251_Frame_24.jpg,"[{'x': 48.20627802690583, 'y': 20.12954658694569, 'width': 13.004484304932738, 'height': 16.940707523667168, 'rotation': 0, 'rectanglelabels': ['Right'], 'original_width': 1280, 'original_height': 720}, {'x': 79.48430493273543, 'y': 29.09815645241654, 'width': 4.260089686098652, 'height': 5.979073243647235, 'rotation': 0, 'rectanglelabels': ['Stop'], 'original_width': 1280, 'original_height': 720}]"
20,21,1,2023-07-21T15:17:40.333765Z,21,ga24251_Frame_25.jpg,"[{'x': 44.843049327354265, 'y': 18.136522172396614, 'width': 14.461883408071742, 'height': 18.136522172396614, 'rotation': 0, 'rectanglelabels': ['Right'], 'original_width': 1280, 'original_height': 720}, {'x': 77.3542600896861, 'y': 28.101644245142005, 'width': 4.147982062780272, 'height': 6.377678126557051, 'rotation': 0, 'rectanglelabels': ['Stop'], 'original_width': 1280, 'original_height': 720}]"
21,22,1,2023-07-21T15:17:55.238304Z,22,ga24251_Frame_26.jpg,"[{'x': 41.81614349775785, 'y': 18.33582461385152, 'width': 14.349775784753362, 'height': 18.93373193821624, 'rotation': 0, 'rectanglelabels': ['Right'], 'original_width': 1280, 'original_height': 720}, {'x': 75.22421524663677, 'y': 28.300946686596912, 'width': 4.147982062780258, 'height': 6.178375685102143, 'rotation': 0, 'rectanglelabels': ['Stop'], 'original_width': 1280, 'original_height': 720}]"
22,23,1,2023-07-21T15:18:29.436212Z,23,ga24251_Frame_27.jpg,"[{'x': 38.67713004484305, 'y': 17.140009965122072, 'width': 15.695067264573993, 'height': 20.926756352765327, 'rotation': 0, 'rectanglelabels': ['Right'], 'original_width': 1280, 'original_height': 720}, {'x': 73.87892376681614, 'y': 27.902341803687097, 'width': 5.269058295964115, 'height': 7.1748878923766775, 'rotation': 0, 'rectanglelabels': ['Stop'], 'original_width': 1280, 'original_height': 720}]"
23,24,1,2023-07-21T15:18:44.425495Z,24,ga24251_Frame_28.jpg,"[{'x': 36.210762331838566, 'y': 17.339312406576983, 'width': 15.807174887892373, 'height': 21.72396611858495, 'rotation': 0, 'rectanglelabels': ['Right'], 'original_width': 1280, 'original_height': 720}, {'x': 73.09417040358744, 'y': 28.699551569506728, 'width': 3.8116591928251182, 'height': 6.776283009466862, 'rotation': 0, 'rectanglelabels': ['Stop'], 'original_width': 1280, 'original_height': 720}]"
24,25,1,2023-07-21T15:18:54.748452Z,25,ga24251_Frame_29.jpg,"[{'x': 36.210762331838566, 'y': 15.346287992027902, 'width': 16.92825112107623, 'height': 22.720478325859496, 'rotation': 0, 'rectanglelabels': ['Right'], 'original_width': 1280, 'original_height': 720}]"
25,26,1,2023-07-21T15:19:03.888196Z,26,ga24251_Frame_30.jpg,"[{'x': 36.771300448430495, 'y': 16.741405082212257, 'width': 18.385650224215247, 'height': 19.930244145490786, 'rotation': 0, 'rectanglelabels': ['Right'], 'original_width': 1280, 'original_height': 720}]"
26,27,1,2023-07-21T15:19:16.460547Z,27,ga24251_Frame_31.jpg,"[{'x': 37.780269058295964, 'y': 13.951170901843549, 'width': 16.479820627802688, 'height': 23.71699053313403, 'rotation': 0, 'rectanglelabels': ['Right'], 'original_width': 1280, 'original_height': 720}]"
27,28,1,2023-07-21T15:19:26.651845Z,28,ga24251_Frame_32.jpg,"[{'x': 42.37668161434978, 'y': 14.74838066766318, 'width': 18.049327354260093, 'height': 23.716990533134027, 'rotation': 0, 'rectanglelabels': ['Right'], 'original_width': 1280, 'original_height': 720}]"
28,29,1,2023-07-21T15:19:37.595845Z,29,ga24251_Frame_33.jpg,"[{'x': 37.44394618834081, 'y': 13.353263577478824, 'width': 17.040358744394617, 'height': 24.115595416043842, 'rotation': 0, 'rectanglelabels': ['Right'], 'original_width': 1280, 'original_height': 720}]"
29,30,1,2023-07-21T15:19:46.711123Z,30,ga24251_Frame_34.jpg,"[{'x': 36.09865470852018, 'y': 13.75186846038864, 'width': 19.170403587443943, 'height': 24.31489785749876, 'rotation': 0, 'rectanglelabels': ['Right'], 'original_width': 1280, 'original_height': 720}]"
30,31,1,2023-07-21T15:20:00.585859Z,31,ga24251_Frame_35.jpg,"[{'x': 40.02242152466368, 'y': 11.958146487294469, 'width': 21.412556053811656, 'height': 24.713502740408572, 'rotation': 0, 'rectanglelabels': ['Right'], 'original_width': 1280, 'original_height': 720}]"
31,32,1,2023-07-21T15:20:24.340020Z,32,ga24251_Frame_36.jpg,"[{'x': 42.37668161434977, 'y': 7.774979897215749, 'width': 22.6457399103139, 'height': 33.682112605879425, 'rotation': 0, 'rectanglelabels': ['Right'], 'original_width': 1280, 'original_height': 720}]"
32,33,1,2023-07-21T15:20:41.563958Z,33,ga24251_Frame_37.jpg,"[{'x': 40.134529147982065, 'y': 5.779770802192327, 'width': 24.103139013452918, 'height': 32.087693074240164, 'rotation': 0, 'rectanglelabels': ['Right'], 'original_width': 1280, 'original_height': 720}, {'x': 84.08071748878923, 'y': 26.905829596412556, 'width': 4.932735426008975, 'height': 8.769307424015945, 'rotation': 0, 'rectanglelabels': ['Stop'], 'original_width': 1280, 'original_height': 720}]"
33,34,1,2023-07-21T15:20:56.962012Z,34,ga24251_Frame_38.jpg,"[{'x': 39.34977578475337, 'y': 3.7867463876432486, 'width': 26.345291479820624, 'height': 35.47583457897359, 'rotation': 0, 'rectanglelabels': ['Right'], 'original_width': 1280, 'original_height': 720}, {'x': 85.98654708520179, 'y': 27.105132037867463, 'width': 3.923766816143498, 'height': 7.573492775286503, 'rotation': 0, 'rectanglelabels': ['Stop'], 'original_width': 1280, 'original_height': 720}]"
34,35,1,2023-07-21T15:22:06.759662Z,35,ga24251_Frame_39.jpg,"[{'x': 32.17488789237668, 'y': 9.16791230692576, 'width': 28.81165919282511, 'height': 31.489785749875434, 'rotation': 0, 'rectanglelabels': ['Right'], 'original_width': 1280, 'original_height': 720}, {'x': 80.71748878923766, 'y': 28.50024912805182, 'width': 5.156950672645749, 'height': 8.968609865470846, 'rotation': 0, 'rectanglelabels': ['Stop'], 'original_width': 1280, 'original_height': 720}]"
35,36,1,2023-07-21T15:22:24.273677Z,36,ga24251_Frame_40.jpg,"[{'x': 30.605381165919283, 'y': 5.181863477827604, 'width': 30.605381165919283, 'height': 33.68211260587942, 'rotation': 0, 'rectanglelabels': ['Right'], 'original_width': 1280, 'original_height': 720}, {'x': 80.49327354260089, 'y': 27.105132037867463, 'width': 5.044843049327355, 'height': 6.97558545092177, 'rotation': 0, 'rectanglelabels': ['Stop'], 'original_width': 1280, 'original_height': 720}]"
36,37,1,2023-07-21T15:22:38.180593Z,37,ga24251_Frame_41.jpg,"[{'x': 25.784753363228702, 'y': 7.972097658196313, 'width': 30.044843049327348, 'height': 33.0842052815147, 'rotation': 0, 'rectanglelabels': ['Right'], 'original_width': 1280, 'original_height': 720}, {'x': 76.79372197309418, 'y': 26.905829596412556, 'width': 4.932735426008961, 'height': 7.972097658196315, 'rotation': 0, 'rectanglelabels': ['Stop'], 'original_width': 1280, 'original_height': 720}]"
37,38,1,2023-07-21T15:23:06.556122Z,38,ga24251_Frame_42.jpg,"[{'x': 17.825112107623315, 'y': 7.573492775286497, 'width': 31.165919282511215, 'height': 33.482810164424514, 'rotation': 0, 'rectanglelabels': ['Right'], 'original_width': 1280, 'original_height': 720}, {'x': 71.63677130044843, 'y': 27.30443447932237, 'width': 5.829596412556043, 'height': 8.37070254110613, 'rotation': 0, 'rectanglelabels': ['Stop'], 'original_width': 1280, 'original_height': 720}]"
38,39,1,2023-07-21T15:23:27.297786Z,39,ga24251_Frame_43.jpg,"[{'x': 15.695067264573993, 'y': 4.185351270553064, 'width': 31.614349775784753, 'height': 39.860488290981564, 'rotation': 0, 'rectanglelabels': ['Right'], 'original_width': 1280, 'original_height': 720}, {'x': 71.0762331838565, 'y': 26.50722471350274, 'width': 6.0538116591928315, 'height': 8.96860986547085, 'rotation': 0, 'rectanglelabels': ['Stop'], 'original_width': 1280, 'original_height': 720}]"
39,40,1,2023-07-21T15:23:47.414043Z,40,ga24251_Frame_44.jpg,"[{'x': 15.134529147982063, 'y': 0, 'width': 34.08071748878923, 'height': 42.05281514698555, 'rotation': 0, 'rectanglelabels': ['Right'], 'original_width': 1280, 'original_height': 720}, {'x': 73.65470852017937, 'y': 25.311410064773295, 'width': 6.0538116591928315, 'height': 9.367214748380672, 'rotation': 0, 'rectanglelabels': ['Stop'], 'original_width': 1280, 'original_height': 720}]"
40,41,1,2023-07-21T15:24:13.239846Z,41,ga24251_Frame_45.jpg,"[{'x': 12.780269058295964, 'y': 0, 'width': 37.66816143497758, 'height': 42.05281514698555, 'rotation': 0, 'rectanglelabels': ['Right'], 'original_width': 1280, 'original_height': 720}, {'x': 76.79372197309418, 'y': 26.50722471350274, 'width': 5.156950672645735, 'height': 8.171400099651226, 'rotation': 0, 'rectanglelabels': ['Stop'], 'original_width': 1280, 'original_height': 720}]"
41,42,1,2023-07-21T15:24:28.728209Z,42,ga24251_Frame_46.jpg,"[{'x': 9.417040358744394, 'y': 0, 'width': 41.479820627802695, 'height': 42.252117588440456, 'rotation': 0, 'rectanglelabels': ['Right'], 'original_width': 1280, 'original_height': 720}]"
42,43,1,2023-07-21T15:24:38.841827Z,43,ga24251_Frame_47.jpg,"[{'x': 7.847533632286996, 'y': 0, 'width': 43.16143497757847, 'height': 47.23467862481316, 'rotation': 0, 'rectanglelabels': ['Right'], 'original_width': 1280, 'original_height': 720}]"
43,44,1,2023-07-21T15:24:47.549000Z,44,ga24251_Frame_48.jpg,"[{'x': 8.295964125560538, 'y': 0, 'width': 43.49775784753364, 'height': 47.035376183358245, 'rotation': 0, 'rectanglelabels': ['Right'], 'original_width': 1280, 'original_height': 720}]"
44,45,1,2023-07-21T15:25:09.380261Z,45,ga24251_Frame_49.jpg,"[{'x': 6.614349775784753, 'y': 0, 'width': 44.17040358744394, 'height': 47.633283507722965, 'rotation': 0, 'rectanglelabels': ['Right'], 'original_width': 1280, 'original_height': 720}]"
45,46,1,2023-07-21T15:25:10.507381Z,46,ga24251_Frame_50.jpg,"[{'x': 4.0358744394618835, 'y': 0.5979073243647235, 'width': 45.62780269058295, 'height': 45.64025909317389, 'rotation': 0, 'rectanglelabels': ['Right'], 'original_width': 1280, 'original_height': 720}]"
46,47,1,2023-07-21T15:25:47.239685Z,47,ga24251_Frame_51.jpg,"[{'x': 7.73542600896861, 'y': 0, 'width': 42.600896860986545, 'height': 47.633283507722965, 'rotation': 0, 'rectanglelabels': ['Right'], 'original_width': 1280, 'original_height': 720}]"
47,49,1,2023-07-21T15:26:08.451899Z,49,ga24251_Frame_53.jpg,"[{'x': 47.75784753363229, 'y': 26.10861983059293, 'width': 4.932735426008968, 'height': 10.164424514200299, 'rotation': 0, 'rectanglelabels': ['Stop'], 'original_width': 1280, 'original_height': 720}]"
48,50,1,2023-07-21T15:26:24.785003Z,50,ga24251_Frame_54.jpg,"[{'x': 17.152466367713004, 'y': 27.30443447932237, 'width': 7.511210762331839, 'height': 10.563029397110117, 'rotation': 0, 'rectanglelabels': ['Stop'], 'original_width': 1280, 'original_height': 720}, {'x': 80.26905829596413, 'y': 15.146985550572994, 'width': 17.825112107623312, 'height': 23.517688091679126, 'rotation': 0, 'rectanglelabels': ['Left'], 'original_width': 1280, 'original_height': 720}]"
49,51,1,2023-07-21T15:26:33.874534Z,51,ga24251_Frame_55.jpg,"[{'x': 54.59641255605381, 'y': 15.744892874937719, 'width': 17.825112107623326, 'height': 22.32187344294968, 'rotation': 0, 'rectanglelabels': ['Left'], 'original_width': 1280, 'original_height': 720}]"
50,52,1,2023-07-21T15:27:04.892502Z,52,ga24251_Frame_56.jpg,"[{'x': 39.46188340807175, 'y': 14.150473343298456, 'width': 19.282511210762337, 'height': 22.12257100149477, 'rotation': 0, 'rectanglelabels': ['Left'], 'original_width': 1280, 'original_height': 720}]"
51,53,1,2023-07-21T15:27:23.046585Z,53,ga24251_Frame_57.jpg,"[{'x': 34.865470852017935, 'y': 14.150473343298456, 'width': 20.17937219730942, 'height': 23.51768809167912, 'rotation': 0, 'rectanglelabels': ['Left'], 'original_width': 1280, 'original_height': 720}]"
52,54,1,2023-07-21T15:27:35.001784Z,54,ga24251_Frame_58.jpg,"[{'x': 34.753363228699556, 'y': 11.958146487294469, 'width': 21.63677130044843, 'height': 23.916292974588934, 'rotation': 0, 'rectanglelabels': ['Left'], 'original_width': 1280, 'original_height': 720}]"
53,55,1,2023-07-21T15:27:50.776403Z,55,ga24251_Frame_59.jpg,"[{'x': 34.19282511210762, 'y': 11.160936721474839, 'width': 22.08520179372197, 'height': 25.510712506228202, 'rotation': 0, 'rectanglelabels': ['Left'], 'original_width': 1280, 'original_height': 720}]"
54,56,1,2023-07-21T15:28:02.889507Z,56,ga24251_Frame_60.jpg,"[{'x': 27.914798206278025, 'y': 11.160936721474839, 'width': 23.430493273542606, 'height': 27.105132037867463, 'rotation': 0, 'rectanglelabels': ['Left'], 'original_width': 1280, 'original_height': 720}]"
55,57,1,2023-07-21T15:28:13.906778Z,57,ga24251_Frame_61.jpg,"[{'x': 29.14798206278027, 'y': 12.157448928749377, 'width': 23.20627802690583, 'height': 27.105132037867463, 'rotation': 0, 'rectanglelabels': ['Left'], 'original_width': 1280, 'original_height': 720}]"
56,58,1,2023-07-21T15:28:25.547292Z,58,ga24251_Frame_62.jpg,"[{'x': 29.14798206278027, 'y': 11.758844045839561, 'width': 23.991031390134527, 'height': 27.105132037867463, 'rotation': 0, 'rectanglelabels': ['Left'], 'original_width': 1280, 'original_height': 720}]"
57,59,1,2023-07-21T15:28:35.246434Z,59,ga24251_Frame_63.jpg,"[{'x': 30.605381165919283, 'y': 8.769307424015944, 'width': 24.887892376681613, 'height': 29.696063776781266, 'rotation': 0, 'rectanglelabels': ['Left'], 'original_width': 1280, 'original_height': 720}]"
58,60,1,2023-07-21T15:28:54.351709Z,60,ga24251_Frame_64.jpg,"[{'x': 31.053811659192824, 'y': 7.573492775286497, 'width': 27.130044843049326, 'height': 30.493273542600903, 'rotation': 0, 'rectanglelabels': ['Left'], 'original_width': 1280, 'original_height': 720}]"
59,61,1,2023-07-21T15:29:10.677170Z,61,ga24251_Frame_65.jpg,"[{'x': 24.103139013452914, 'y': 4.384653712007972, 'width': 30.82959641255606, 'height': 35.6751370204285, 'rotation': 0, 'rectanglelabels': ['Left'], 'original_width': 1280, 'original_height': 720}]"
60,62,1,2023-07-21T15:29:27.302491Z,62,ga24251_Frame_66.jpg,"[{'x': 21.63677130044843, 'y': 2.391629297458894, 'width': 34.41704035874439, 'height': 38.66467364225212, 'rotation': 0, 'rectanglelabels': ['Left'], 'original_width': 1280, 'original_height': 720}]"
61,63,1,2023-07-21T15:29:35.730625Z,63,ga24251_Frame_67.jpg,"[{'x': 18.27354260089686, 'y': 0, 'width': 38.116591928251125, 'height': 43.248629795715, 'rotation': 0, 'rectanglelabels': ['Left'], 'original_width': 1280, 'original_height': 720}]"
62,64,1,2023-07-21T15:29:42.443623Z,64,ga24251_Frame_68.jpg,"[{'x': 13.11659192825112, 'y': 0, 'width': 42.9372197309417, 'height': 43.44793223716991, 'rotation': 0, 'rectanglelabels': ['Left'], 'original_width': 1280, 'original_height': 720}]"
63,65,1,2023-07-21T15:29:49.992992Z,65,ga24251_Frame_69.jpg,"[{'x': 7.399103139013453, 'y': 0, 'width': 45.62780269058296, 'height': 45.24165421026407, 'rotation': 0, 'rectanglelabels': ['Left'], 'original_width': 1280, 'original_height': 720}]"
64,66,1,2023-07-21T15:29:59.767027Z,66,ga24251_Frame_70.jpg,"[{'x': 0, 'y': 0, 'width': 54.03587443946188, 'height': 52.21723966118586, 'rotation': 0, 'rectanglelabels': ['Left'], 'original_width': 1280, 'original_height': 720}]"
65,67,1,2023-07-21T15:30:10.339384Z,67,ga24251_Frame_71.jpg,"[{'x': 1.7937219730941705, 'y': 0, 'width': 59.64125560538116, 'height': 58.7942202291978, 'rotation': 0, 'rectanglelabels': ['Left'], 'original_width': 1280, 'original_height': 720}]"
66,68,1,2023-07-21T15:30:18.955075Z,68,ga24251_Frame_72.jpg,"[{'x': 1.345291479820628, 'y': 0.5979073243647235, 'width': 59.52914798206278, 'height': 56.0039860488291, 'rotation': 0, 'rectanglelabels': ['Left'], 'original_width': 1280, 'original_height': 720}]"
67,69,1,2023-07-21T15:30:52.040233Z,69,ga24251_Frame_73.jpg,"[{'x': 3.1390134529147984, 'y': 0.1993024414549078, 'width': 57.399103139013455, 'height': 57.00049825610363, 'rotation': 0, 'rectanglelabels': ['Left'], 'original_width': 1280, 'original_height': 720}]"
68,70,1,2023-07-21T15:31:09.707745Z,70,ga24251_Frame_74.jpg,"[{'x': 6.726457399103139, 'y': 0, 'width': 55.71748878923766, 'height': 56.20328849028401, 'rotation': 0, 'rectanglelabels': ['Left'], 'original_width': 1280, 'original_height': 720}]"
69,71,1,2023-07-21T15:31:24.166494Z,71,ga24251_Frame_75.jpg,"[{'x': 7.73542600896861, 'y': 0.3986048829098156, 'width': 58.29596412556054, 'height': 58.39561534628799, 'rotation': 0, 'rectanglelabels': ['Left'], 'original_width': 1280, 'original_height': 720}]"
70,72,1,2023-07-21T15:31:37.503561Z,72,ga24251_Frame_76.jpg,"[{'x': 22.6457399103139, 'y': 0, 'width': 68.60986547085201, 'height': 62.381664175386156, 'rotation': 0, 'rectanglelabels': ['Left'], 'original_width': 1280, 'original_height': 720}]"
71,74,1,2023-07-21T15:32:04.100192Z,74,ga24251_Frame_78.jpg,"[{'x': 14.013452914798204, 'y': 27.703039362232186, 'width': 7.735426008968609, 'height': 10.164424514200302, 'rotation': 0, 'rectanglelabels': ['Stop'], 'original_width': 1280, 'original_height': 720}]"
72,75,1,2023-07-21T15:32:16.337102Z,75,ga24251_Frame_79.jpg,"[{'x': 24.887892376681613, 'y': 26.307922272047833, 'width': 7.735426008968609, 'height': 9.765819631290483, 'rotation': 0, 'rectanglelabels': ['Stop'], 'original_width': 1280, 'original_height': 720}]"
73,76,1,2023-07-21T15:32:27.958385Z,76,ga24251_Frame_80.jpg,"[{'x': 39.7982062780269, 'y': 23.318385650224215, 'width': 7.847533632286996, 'height': 10.563029397110114, 'rotation': 0, 'rectanglelabels': ['Stop'], 'original_width': 1280, 'original_height': 720}]"
74,77,1,2023-07-21T15:32:37.468119Z,77,ga24251_Frame_81.jpg,"[{'x': 44.843049327354265, 'y': 24.51420029895366, 'width': 7.959641255605376, 'height': 11.559541604384655, 'rotation': 0, 'rectanglelabels': ['Stop'], 'original_width': 1280, 'original_height': 720}]"
75,78,1,2023-07-21T15:32:48.080881Z,78,ga24251_Frame_82.jpg,"[{'x': 48.4304932735426, 'y': 25.311410064773295, 'width': 8.295964125560538, 'height': 11.559541604384652, 'rotation': 0, 'rectanglelabels': ['Stop'], 'original_width': 1280, 'original_height': 720}]"
76,79,1,2023-07-21T15:33:00.584829Z,79,ga24251_Frame_83.jpg,"[{'x': 50, 'y': 23.517688091679123, 'width': 8.408071748878918, 'height': 11.360239162929748, 'rotation': 0, 'rectanglelabels': ['Stop'], 'original_width': 1280, 'original_height': 720}]"
77,80,1,2023-07-21T15:33:13.501261Z,80,ga24251_Frame_84.jpg,"[{'x': 46.860986547085204, 'y': 24.314897857498753, 'width': 8.295964125560538, 'height': 10.164424514200302, 'rotation': 0, 'rectanglelabels': ['Stop'], 'original_width': 1280, 'original_height': 720}]"
78,81,1,2023-07-21T15:33:33.788681Z,81,ga24251_Frame_85.jpg,"[{'x': 46.97309417040359, 'y': 25.311410064773295, 'width': 9.304932735426, 'height': 11.758844045839563, 'rotation': 0, 'rectanglelabels': ['Stop'], 'original_width': 1280, 'original_height': 720}]"
79,82,1,2023-07-21T15:33:45.251361Z,82,ga24251_Frame_86.jpg,"[{'x': 45.06726457399103, 'y': 23.71699053313403, 'width': 8.295964125560538, 'height': 10.961634280019936, 'rotation': 0, 'rectanglelabels': ['Stop'], 'original_width': 1280, 'original_height': 720}]"
80,83,1,2023-07-21T15:33:56.127014Z,83,ga24251_Frame_87.jpg,"[{'x': 52.80269058295964, 'y': 24.91280518186348, 'width': 8.408071748878925, 'height': 12.356751370204282, 'rotation': 0, 'rectanglelabels': ['Stop'], 'original_width': 1280, 'original_height': 720}]"
81,84,1,2023-07-21T15:34:06.707583Z,84,ga24251_Frame_88.jpg,"[{'x': 55.82959641255605, 'y': 22.9197807673144, 'width': 8.632286995515706, 'height': 13.751868460388643, 'rotation': 0, 'rectanglelabels': ['Stop'], 'original_width': 1280, 'original_height': 720}]"
82,85,1,2023-07-21T15:34:16.337413Z,85,ga24251_Frame_89.jpg,"[{'x': 51.90582959641256, 'y': 22.521175884404585, 'width': 9.192825112107627, 'height': 13.751868460388643, 'rotation': 0, 'rectanglelabels': ['Stop'], 'original_width': 1280, 'original_height': 720}]"
83,86,1,2023-07-21T15:34:27.398507Z,86,ga24251_Frame_90.jpg,"[{'x': 54.035874439461885, 'y': 22.521175884404585, 'width': 10.426008968609871, 'height': 14.748380667663177, 'rotation': 0, 'rectanglelabels': ['Stop'], 'original_width': 1280, 'original_height': 720}]"
84,87,1,2023-07-21T15:34:35.856164Z,87,ga24251_Frame_91.jpg,"[{'x': 54.932735426008975, 'y': 23.119083208769307, 'width': 9.529147982062781, 'height': 13.75186846038864, 'rotation': 0, 'rectanglelabels': ['Stop'], 'original_width': 1280, 'original_height': 720}]"
85,88,1,2023-07-21T15:34:45.715837Z,88,ga24251_Frame_92.jpg,"[{'x': 57.28699551569507, 'y': 24.314897857498753, 'width': 9.97757847533633, 'height': 14.947683109118085, 'rotation': 0, 'rectanglelabels': ['Stop'], 'original_width': 1280, 'original_height': 720}]"
86,89,1,2023-07-21T15:34:54.512160Z,89,ga24251_Frame_93.jpg,"[{'x': 50.11210762331838, 'y': 22.720478325859492, 'width': 10.201793721973097, 'height': 14.54907822620827, 'rotation': 0, 'rectanglelabels': ['Stop'], 'original_width': 1280, 'original_height': 720}]"
87,90,1,2023-07-21T15:35:04.039185Z,90,ga24251_Frame_94.jpg,"[{'x': 59.30493273542601, 'y': 22.9197807673144, 'width': 10.538116591928244, 'height': 14.549078226208266, 'rotation': 0, 'rectanglelabels': ['Stop'], 'original_width': 1280, 'original_height': 720}]"
88,91,1,2023-07-21T15:35:13.912140Z,91,ga24251_Frame_95.jpg,"[{'x': 54.59641255605381, 'y': 21.723966118584954, 'width': 10.874439461883412, 'height': 14.947683109118088, 'rotation': 0, 'rectanglelabels': ['Stop'], 'original_width': 1280, 'original_height': 720}]"
89,92,1,2023-07-21T15:35:22.249412Z,92,ga24251_Frame_96.jpg,"[{'x': 54.7085201793722, 'y': 21.923268560039862, 'width': 10.426008968609864, 'height': 15.3462879920279, 'rotation': 0, 'rectanglelabels': ['Stop'], 'original_width': 1280, 'original_height': 720}]"
90,93,1,2023-07-21T15:35:31.538308Z,93,ga24251_Frame_97.jpg,"[{'x': 56.502242152466366, 'y': 19.730941704035875, 'width': 11.210762331838566, 'height': 16.741405082212257, 'rotation': 0, 'rectanglelabels': ['Stop'], 'original_width': 1280, 'original_height': 720}]"
91,1,1,2023-07-21T15:25:03.245831Z,1,gs75572_Frame_2.jpg,"[{'x': 41.591928251121075, 'y': 43.44793223716991, 'width': 14.237668161434975, 'height': 17.14000996512207, 'rotation': 0, 'rectanglelabels': ['Left'], 'original_width': 1280, 'original_height': 720}, {'x': 23.99103139013453, 'y': 54.60886895864474, 'width': 5.493273542600896, 'height': 8.570004982561038, 'rotation': 0, 'rectanglelabels': ['Stop'], 'original_width': 1280, 'original_height': 720}]"
92,2,1,2023-07-21T15:25:42.601883Z,2,gs75572_Frame_3.jpg,"[{'x': 41.3677130044843, 'y': 43.64723467862481, 'width': 14.125560538116595, 'height': 17.140009965122076, 'rotation': 0, 'rectanglelabels': ['Left'], 'original_width': 1280, 'original_height': 720}, {'x': 24.2152466367713, 'y': 55.00747384155456, 'width': 5.3811659192825125, 'height': 7.374190333831599, 'rotation': 0, 'rectanglelabels': ['Stop'], 'original_width': 1280, 'original_height': 720}]"
93,3,1,2023-07-21T15:25:45.373168Z,3,gs75572_Frame_4.jpg,
94,4,1,2023-07-21T15:26:22.668365Z,4,gs75572_Frame_5.jpg,"[{""x"":41.3677130044843,""y"":43.64723467862481,""width"":14.23766816143499,""height"":16.74140508221226,""rotation"":0,""rectanglelabels"":[""Left""],""original_width"":1280,""original_height"":720},{""x"":24.103139013452914,""y"":54.808171400099646,""width"":5.717488789237667,""height"":7.7727952167414145,""rotation"":0,""rectanglelabels"":[""Stop""],""original_width"":1280,""original_height"":720}]"
95,5,1,2023-07-21T15:27:11.038112Z,5,gs75572_Frame_6.jpg,"[{""x"":23.99103139013453,""y"":54.808171400099646,""width"":5.605381165919283,""height"":7.174887892376681,""rotation"":0,""rectanglelabels"":[""Stop""],""original_width"":1280,""original_height"":720},{""x"":41.25560538116592,""y"":43.248629795715,""width"":13.004484304932731,""height"":16.74140508221226,""rotation"":0,""rectanglelabels"":[""Left""],""original_width"":1280,""original_height"":720}]"
96,6,1,2023-07-21T15:28:24.519018Z,6,gs75572_Frame_7.jpg,"[{""x"":41.47982062780269,""y"":43.64723467862481,""width"":14.686098654708523,""height"":16.940707523667164,""rotation"":0,""rectanglelabels"":[""Left""],""original_width"":1280,""original_height"":720},{""x"":28.139013452914796,""y"":60.19221712546199,""width"":5.3811659192825125,""height"":7.972097658196326,""rotation"":0,""rectanglelabels"":[""Stop""],""original_width"":1280,""original_height"":720}]"
97,13,1,2023-07-21T15:29:36.589806Z,14,gs75572_Frame_18.jpg,"[{""x"":41.3677130044843,""y"":42.85002491280518,""width"":14.23766816143499,""height"":17.737917289486795,""rotation"":0,""rectanglelabels"":[""Left""],""original_width"":1280,""original_height"":720},{""x"":24.2152466367713,""y"":54.01096163428002,""width"":5.60538116591928,""height"":8.570004982561038,""rotation"":0,""rectanglelabels"":[""Stop""],""original_width"":1280,""original_height"":720}]"
98,29,1,2023-07-21T15:30:50.320702Z,30,gs75572_Frame_34.jpg,"[{""x"":39.34977578475337,""y"":37.26955655206776,""width"":18.161434977578473,""height"":22.12257100149477,""rotation"":0,""rectanglelabels"":[""Left""],""original_width"":1280,""original_height"":720}]"
99,30,1,2023-07-21T15:31:02.358576Z,31,gs75572_Frame_35.jpg,"[{""x"":39.34977578475337,""y"":36.67164922770304,""width"":18.609865470852007,""height"":23.318385650224215,""rotation"":0,""rectanglelabels"":[""Left""],""original_width"":1280,""original_height"":720}]"
100,31,1,2023-07-21T15:31:14.148113Z,32,gs75572_Frame_36.jpg,"[{""x"":38.90134529147982,""y"":36.47234678624813,""width"":19.506726457399097,""height"":23.71699053313403,""rotation"":0,""rectanglelabels"":[""Left""],""original_width"":1280,""original_height"":720}]"
101,32,1,2023-07-21T15:31:25.971824Z,33,gs75572_Frame_37.jpg,"[{""x"":38.00448430493273,""y"":35.47583457897359,""width"":19.50672645739911,""height"":24.115595416043853,""rotation"":0,""rectanglelabels"":[""Left""],""original_width"":1280,""original_height"":720}]"
102,33,1,2023-07-21T15:31:38.529141Z,34,gs75572_Frame_38.jpg,"[{""x"":37.66816143497758,""y"":35.47583457897359,""width"":19.843049327354265,""height"":24.713502740408572,""rotation"":0,""rectanglelabels"":[""Left""],""original_width"":1280,""original_height"":720}]"
103,34,1,2023-07-21T15:31:48.852612Z,35,gs75572_Frame_39.jpg,"[{""x"":38.00448430493273,""y"":35.276532137518686,""width"":20.403587443946186,""height"":24.912805181863476,""rotation"":0,""rectanglelabels"":[""Left""],""original_width"":1280,""original_height"":720}]"
104,35,1,2023-07-21T15:32:07.334342Z,36,gs75572_Frame_40.jpg,"[{""x"":38.90134529147982,""y"":34.479322371699055,""width"":17.040358744394617,""height"":25.510712506228202,""rotation"":0,""rectanglelabels"":[""Left""],""original_width"":1280,""original_height"":720}]"
105,36,1,2023-07-21T15:32:20.323830Z,37,gs75572_Frame_41.jpg,"[{""x"":36.43497757847533,""y"":33.28350772296961,""width"":21.18834080717489,""height"":25.710014947683113,""rotation"":0,""rectanglelabels"":[""Left""],""original_width"":1280,""original_height"":720}]"
106,37,1,2023-07-21T15:32:36.580952Z,38,gs75572_Frame_42.jpg,"[{""x"":37.89237668161435,""y"":32.68560039860488,""width"":18.27354260089686,""height"":27.50373692077728,""rotation"":0,""rectanglelabels"":[""Left""],""original_width"":1280,""original_height"":720}]"
107,38,1,2023-07-21T15:33:05.845690Z,39,gs75572_Frame_43.jpg,"[{""x"":37.44394618834081,""y"":32.68560039860488,""width"":18.16143497757848,""height"":29.09815645241654,""rotation"":0,""rectanglelabels"":[""Left""],""original_width"":1280,""original_height"":720}]"
108,46,1,2023-07-21T15:34:04.305053Z,47,gs75572_Frame_51.jpg,"[{""x"":32.17488789237668,""y"":20.727453911310416,""width"":30.493273542600896,""height"":38.46537120079721,""rotation"":0,""rectanglelabels"":[""Left""],""original_width"":1280,""original_height"":720}]"
109,47,1,2023-07-21T15:34:26.921223Z,48,gs75572_Frame_52.jpg,"[{""x"":33.74439461883408,""y"":18.136522172396614,""width"":27.466367713004487,""height"":39.46188340807174,""rotation"":0,""rectanglelabels"":[""Left""],""original_width"":1280,""original_height"":720}]"
110,53,1,2023-07-21T15:35:08.120998Z,54,gs75572_Frame_71.jpg,"[{""x"":26.905829596412556,""y"":39.66118584952666,""width"":17.04035874439462,""height"":23.51768809167912,""rotation"":0,""rectanglelabels"":[""Right""],""original_width"":1280,""original_height"":720}]"
111,54,1,2023-07-21T15:35:27.085624Z,55,gs75572_Frame_72.jpg,"[{""x"":37.44394618834081,""y"":37.26955655206776,""width"":18.049327354260086,""height"":24.31489785749875,""rotation"":0,""rectanglelabels"":[""Right""],""original_width"":1280,""original_height"":720}]"
112,55,1,2023-07-21T15:35:37.773409Z,56,gs75572_Frame_73.jpg,"[{""x"":38.45291479820628,""y"":38.46537120079721,""width"":18.60986547085202,""height"":25.710014947683106,""rotation"":0,""rectanglelabels"":[""Right""],""original_width"":1280,""original_height"":720}]"
113,56,1,2023-07-21T15:35:50.272295Z,57,gs75572_Frame_74.jpg,"[{""x"":41.03139013452915,""y"":39.063278525161934,""width"":18.609865470852014,""height"":25.3114100647733,""rotation"":0,""rectanglelabels"":[""Right""],""original_width"":1280,""original_height"":720}]"
114,57,1,2023-07-21T15:36:06.342586Z,58,gs75572_Frame_75.jpg,"[{""x"":40.582959641255606,""y"":40.45839561534629,""width"":19.058295964125556,""height"":26.10861983059293,""rotation"":0,""rectanglelabels"":[""Right""],""original_width"":1280,""original_height"":720}]"
115,58,1,2023-07-21T15:36:28.043122Z,59,gs75572_Frame_76.jpg,"[{""x"":40.582959641255606,""y"":40.45839561534629,""width"":18.385650224215247,""height"":24.31489785749875,""rotation"":0,""rectanglelabels"":[""Right""],""original_width"":1280,""original_height"":720}]"
116,59,1,2023-07-21T15:36:46.755973Z,60,gs75572_Frame_77.jpg,"[{""x"":35.874439461883405,""y"":39.063278525161934,""width"":18.946188340807176,""height"":25.710014947683106,""rotation"":0,""rectanglelabels"":[""Right""],""original_width"":1280,""original_height"":720}]"
117,60,1,2023-07-21T15:37:00.756687Z,61,gs75572_Frame_78.jpg,"[{""x"":35.65022421524663,""y"":40.059790732436475,""width"":18.946188340807176,""height"":25.710014947683113,""rotation"":0,""rectanglelabels"":[""Right""],""original_width"":1280,""original_height"":720}]"
118,61,1,2023-07-21T15:37:51.602821Z,62,gs75572_Frame_79.jpg,"[{""x"":35.76233183856502,""y"":39.66118584952666,""width"":19.058295964125563,""height"":25.710014947683106,""rotation"":0,""rectanglelabels"":[""Right""],""original_width"":1280,""original_height"":720}]"
119,62,1,2023-07-21T15:38:19.620070Z,63,gs75572_Frame_80.jpg,"[{""x"":36.771300448430495,""y"":39.063278525161934,""width"":18.27354260089686,""height"":25.90931738913801,""rotation"":0,""rectanglelabels"":[""Right""],""original_width"":1280,""original_height"":720}]"
120,63,1,2023-07-21T15:38:20.997933Z,64,gs75572_Frame_81.jpg,
121,64,1,2023-07-21T15:38:35.758028Z,65,gs75572_Frame_82.jpg,"[{""x"":37.219730941704036,""y"":37.86746387643249,""width"":20.515695067264566,""height"":27.703039362232197,""rotation"":0,""rectanglelabels"":[""Right""],""original_width"":1280,""original_height"":720}]"
122,65,1,2023-07-21T15:39:31.274491Z,66,gs75572_Frame_83.jpg,"[{""x"":30.38116591928251,""y"":37.26955655206776,""width"":21.41255605381167,""height"":29.297458893871458,""rotation"":0,""rectanglelabels"":[""Right""],""original_width"":1280,""original_height"":720}]"
123,66,1,2023-07-21T15:39:45.617697Z,67,gs75572_Frame_84.jpg,"[{""x"":31.053811659192824,""y"":35.6751370204285,""width"":22.645739910313907,""height"":30.493273542600896,""rotation"":0,""rectanglelabels"":[""Right""],""original_width"":1280,""original_height"":720}]"
124,67,1,2023-07-21T15:40:05.813961Z,68,gs75572_Frame_85.jpg,"[{""x"":31.390134529147986,""y"":34.87792725460887,""width"":23.99103139013453,""height"":33.08420528151469,""rotation"":0,""rectanglelabels"":[""Right""],""original_width"":1280,""original_height"":720}]"
125,68,1,2023-07-21T15:40:24.508886Z,69,gs75572_Frame_86.jpg,"[{""x"":34.64125560538117,""y"":33.0842052815147,""width"":26.12107623318385,""height"":35.87443946188341,""rotation"":0,""rectanglelabels"":[""Right""],""original_width"":1280,""original_height"":720}]"
126,69,1,2023-07-21T15:40:41.245683Z,70,gs75572_Frame_87.jpg,"[{""x"":37.219730941704036,""y"":31.29048330842053,""width"":28.251121076233183,""height"":36.87095166915793,""rotation"":0,""rectanglelabels"":[""Right""],""original_width"":1280,""original_height"":720}]"
127,70,1,2023-07-21T15:41:01.464107Z,71,gs75572_Frame_88.jpg,"[{""x"":36.32286995515695,""y"":27.30443447932237,""width"":28.475336322869957,""height"":39.66118584952666,""rotation"":0,""rectanglelabels"":[""Right""],""original_width"":1280,""original_height"":720}]"
128,71,1,2023-07-21T15:41:26.229129Z,72,gs75572_Frame_89.jpg,"[{""x"":30.605381165919283,""y"":24.11559541604385,""width"":31.165919282511204,""height"":42.451420029895374,""rotation"":0,""rectanglelabels"":[""Right""],""original_width"":1280,""original_height"":720}]"
129,72,1,2023-07-21T15:41:38.624454Z,73,gs75572_Frame_90.jpg,"[{""x"":29.035874439461885,""y"":21.325361235675135,""width"":34.52914798206278,""height"":46.23816641753862,""rotation"":0,""rectanglelabels"":[""Right""],""original_width"":1280,""original_height"":720}]"
130,73,1,2023-07-21T15:41:52.295531Z,74,gs75572_Frame_91.jpg,"[{""x"":26.79372197309417,""y"":19.13303437967115,""width"":37.78026905829597,""height"":51.0214250124564,""rotation"":0,""rectanglelabels"":[""Right""],""original_width"":1280,""original_height"":720}]"
131,78,1,2023-07-21T15:42:23.044740Z,79,gs75572_Frame_96.jpg,"[{""x"":25.112107623318387,""y"":12.556053811659194,""width"":39.46188340807175,""height"":57.00049825610364,""rotation"":0,""rectanglelabels"":[""Right""],""original_width"":1280,""original_height"":720}]"
132,80,1,2023-07-21T15:42:59.747062Z,81,gs75572_Frame_112.jpg,"[{""x"":41.70403587443946,""y"":47.43398106626806,""width"":12.55605381165919,""height"":15.744892874937719,""rotation"":0,""rectanglelabels"":[""Stop""],""original_width"":1280,""original_height"":720}]"
133,81,1,2023-07-21T15:43:23.699908Z,82,gs75572_Frame_113.jpg,"[{""x"":38.90134529147982,""y"":46.63677130044843,""width"":12.780269058295964,""height"":17.737917289486802,""rotation"":0,""rectanglelabels"":[""Stop""],""original_width"":1280,""original_height"":720}]"
134,84,1,2023-07-21T15:43:47.170158Z,85,gs75572_Frame_116.jpg,"[{""x"":42.937219730941706,""y"":47.43398106626806,""width"":13.228699551569505,""height"":17.737917289486788,""rotation"":0,""rectanglelabels"":[""Stop""],""original_width"":1280,""original_height"":720}]"
135,85,1,2023-07-21T15:44:07.622287Z,86,gs75572_Frame_117.jpg,"[{""x"":42.71300448430493,""y"":45.440956651718984,""width"":13.789237668161434,""height"":18.535127055306425,""rotation"":0,""rectanglelabels"":[""Stop""],""original_width"":1280,""original_height"":720}]"
136,86,1,2023-07-21T15:44:22.122574Z,87,gs75572_Frame_118.jpg,"[{""x"":43.27354260089686,""y"":46.63677130044843,""width"":13.45291479820628,""height"":18.933731938216255,""rotation"":0,""rectanglelabels"":[""Stop""],""original_width"":1280,""original_height"":720}]"
137,87,1,2023-07-21T15:44:34.338817Z,88,gs75572_Frame_119.jpg,"[{""x"":41.92825112107623,""y"":44.24514200298953,""width"":14.461883408071756,""height"":20.727453911310413,""rotation"":0,""rectanglelabels"":[""Stop""],""original_width"":1280,""original_height"":720}]"
138,1,1,2023-07-21T15:17:35.682550Z,1,gs75588_Frame_2.jpg,"[{""x"":38.20033955857385,""y"":34.38030560271647,""width"":9.16808149405773,""height"":12.274413632647928,""rotation"":0,""rectanglelabels"":[""Right""],""original_width"":1280,""original_height"":720}]"
139,2,1,2023-07-21T15:18:47.531398Z,2,gs75588_Frame_3.jpg,"[{""x"":33.901192504258944,""y"":31.8758281279576,""width"":10.477001703577514,""height"":14.461480219572213,""rotation"":0,""rectanglelabels"":[""Right""],""original_width"":1280,""original_height"":720}]"
140,3,1,2023-07-21T15:19:12.087118Z,3,gs75588_Frame_4.jpg,"[{""x"":35.77512776831346,""y"":31.27011167897028,""width"":11.201022146507661,""height"":15.142911224682948,""rotation"":0,""rectanglelabels"":[""Right""],""original_width"":1280,""original_height"":720}]"
141,4,1,2023-07-21T15:28:58.974447Z,4,gs75588_Frame_5.jpg,"[{""x"":45.86882453151618,""y"":38.23585084232444,""width"":7.793867120954005,""height"":11.130039750141961,""rotation"":0,""rectanglelabels"":[""Right""],""original_width"":1280,""original_height"":720},{""x"":86.0732538330494,""y"":8.700595687817406,""width"":5.536626916524703,""height"":3.558584137800494,""rotation"":0,""rectanglelabels"":[""Right""],""original_width"":1280,""original_height"":720}]"
142,5,1,2023-07-21T15:29:24.811940Z,5,gs75588_Frame_6.jpg,"[{""x"":45.817490494296564,""y"":37.684833122095455,""width"":8.365019011406853,""height"":11.830533517030865,""rotation"":0,""rectanglelabels"":[""Right""],""original_width"":1280,""original_height"":720}]"
143,6,1,2023-07-21T15:29:49.510584Z,6,gs75588_Frame_7.jpg,"[{""x"":52.661596958174904,""y"":35.14997887621462,""width"":8.555133079847913,""height"":12.505280946345586,""rotation"":0,""rectanglelabels"":[""Right""],""original_width"":1280,""original_height"":720}]"
144,7,1,2023-07-21T15:30:01.585555Z,7,gs75588_Frame_8.jpg,"[{""x"":39.638783269961976,""y"":32.78411491339248,""width"":9.9809885931559,""height"":13.350232361639208,""rotation"":0,""rectanglelabels"":[""Right""],""original_width"":1280,""original_height"":720}]"
145,8,1,2023-07-21T15:30:11.465544Z,8,gs75588_Frame_9.jpg,"[{""x"":43.155893536121674,""y"":31.26320236586396,""width"":11.50190114068441,""height"":15.040135192226444,""rotation"":0,""rectanglelabels"":[""Right""],""original_width"":1280,""original_height"":720}]"
146,9,1,2023-07-21T15:30:20.977837Z,9,gs75588_Frame_10.jpg,"[{""x"":36.59695817490494,""y"":28.22137727080693,""width"":15.019011406844115,""height"":21.123785382340518,""rotation"":0,""rectanglelabels"":[""Right""],""original_width"":1280,""original_height"":720}]"
147,10,1,2023-07-21T15:30:29.009927Z,10,gs75588_Frame_11.jpg,"[{""x"":36.02661596958175,""y"":20.616814533164344,""width"":21.197718631178702,""height"":27.207435572454585,""rotation"":0,""rectanglelabels"":[""Right""],""original_width"":1280,""original_height"":720}]"
148,11,1,2023-07-21T15:30:46.875648Z,11,gs75588_Frame_12.jpg,"[{""x"":36.97718631178707,""y"":4.562737642585551,""width"":38.02281368821293,""height"":47.48626953950147,""rotation"":0,""rectanglelabels"":[""Right""],""original_width"":1280,""original_height"":720}]"
149,17,1,2023-07-21T15:31:18.616393Z,17,gs75588_Frame_18.jpg,"[{""x"":28.231939163498097,""y"":0.33798056611744826,""width"":37.83269961977186,""height"":55.25982256020278,""rotation"":0,""rectanglelabels"":[""Left""],""original_width"":1280,""original_height"":720}]"
150,18,1,2023-07-21T15:32:12.569993Z,18,gs75588_Frame_19.jpg,"[{""x"":30.70342205323194,""y"":5.407689057879172,""width"":36.78707224334601,""height"":43.76848331220955,""rotation"":0,""rectanglelabels"":[""Left""],""original_width"":1280,""original_height"":720}]"
151,19,1,2023-07-21T15:32:29.144700Z,19,gs75588_Frame_20.jpg,"[{""x"":26.140684410646386,""y"":1.689902830587241,""width"":63.59315589353612,""height"":56.44275454161386,""rotation"":0,""rectanglelabels"":[""Left""],""original_width"":1280,""original_height"":720}]"
152,42,1,2023-07-21T15:34:19.407987Z,42,gs75588_Frame_43.jpg,
153,43,1,2023-07-21T15:34:25.519185Z,43,gs75588_Frame_44.jpg,
154,58,1,2023-07-21T15:35:59.984779Z,58,gs75588_Frame_59.jpg,"[{""x"":23.098859315589355,""y"":0.6759611322348965,""width"":60.64638783269962,""height"":59.991550485847064,""rotation"":0,""rectanglelabels"":[""Stop""],""original_width"":1280,""original_height"":720}]"
155,59,1,2023-07-21T15:36:16.174648Z,59,gs75588_Frame_60.jpg,"[{""x"":23.00380228136882,""y"":0.33798056611744826,""width"":60.26615969581749,""height"":60.16054076890578,""rotation"":0,""rectanglelabels"":[""Stop""],""original_width"":1280,""original_height"":720}]"
156,60,1,2023-07-21T15:36:27.567827Z,60,gs75588_Frame_61.jpg,"[{""x"":23.00380228136882,""y"":0,""width"":61.121673003802286,""height"":62.18842416561048,""rotation"":0,""rectanglelabels"":[""Stop""],""original_width"":1280,""original_height"":720}]"
157,61,1,2023-07-21T15:36:43.873696Z,61,gs75588_Frame_62.jpg,"[{""x"":22.90874524714829,""y"":0.33798056611744826,""width"":60.551330798479086,""height"":59.991550485847064,""rotation"":0,""rectanglelabels"":[""Stop""],""original_width"":1280,""original_height"":720}]"
158,62,1,2023-07-21T15:36:52.787236Z,62,gs75588_Frame_63.jpg,"[{""x"":23.098859315589355,""y"":0.16899028305872413,""width"":59.9809885931559,""height"":61.005492184199404,""rotation"":0,""rectanglelabels"":[""Stop""],""original_width"":1280,""original_height"":720}]"
159,63,1,2023-07-21T15:37:12.427075Z,63,gs75588_Frame_64.jpg,"[{""x"":22.718631178707223,""y"":0.16899028305872413,""width"":60.456273764258555,""height"":63.202365863962825,""rotation"":0,""rectanglelabels"":[""Stop""],""original_width"":1280,""original_height"":720}]"
160,64,1,2023-07-21T15:37:25.766585Z,64,gs75588_Frame_65.jpg,"[{""x"":22.52851711026616,""y"":0.16899028305872413,""width"":60.076045627376416,""height"":60.32953105196451,""rotation"":0,""rectanglelabels"":[""Stop""],""original_width"":1280,""original_height"":720}]"
161,65,1,2023-07-21T15:37:38.734903Z,65,gs75588_Frame_66.jpg,"[{""x"":22.14828897338403,""y"":0.6759611322348965,""width"":59.695817490494306,""height"":59.82256020278834,""rotation"":0,""rectanglelabels"":[""Stop""],""original_width"":1280,""original_height"":720}]"
162,66,1,2023-07-21T15:37:51.723028Z,66,gs75588_Frame_67.jpg,"[{""x"":22.338403041825096,""y"":0.6759611322348965,""width"":59.98098859315589,""height"":60.32953105196451,""rotation"":0,""rectanglelabels"":[""Stop""],""original_width"":1280,""original_height"":720}]"
163,67,1,2023-07-21T15:38:13.651917Z,67,gs75588_Frame_68.jpg,"[{""x"":22.718631178707223,""y"":0,""width"":57.79467680608364,""height"":59.65356991972962,""rotation"":0,""rectanglelabels"":[""Stop""],""original_width"":1280,""original_height"":720}]"
164,68,1,2023-07-21T15:38:23.695717Z,68,gs75588_Frame_69.jpg,"[{""x"":22.24334600760456,""y"":0.6759611322348965,""width"":58.174904942965796,""height"":59.65356991972962,""rotation"":0,""rectanglelabels"":[""Stop""],""original_width"":1280,""original_height"":720}]"
165,69,1,2023-07-21T15:38:51.123078Z,69,gs75588_Frame_70.jpg,"[{""x"":22.52851711026616,""y"":0.6759611322348965,""width"":59.885931558935354,""height"":59.31558935361217,""rotation"":0,""rectanglelabels"":[""Stop""],""original_width"":1280,""original_height"":720}]"
166,73,1,2023-07-21T15:39:26.552402Z,73,gs75588_Frame_74.jpg,"[{""x"":32.414448669201526,""y"":37.17786227291931,""width"":8.745247148288968,""height"":11.322348964934513,""rotation"":0,""rectanglelabels"":[""Right""],""original_width"":1280,""original_height"":720}]"
167,74,1,2023-07-21T15:39:36.603644Z,74,gs75588_Frame_75.jpg,"[{""x"":35.551330798479086,""y"":37.51584283903676,""width"":8.650190114068444,""height"":10.646387832699617,""rotation"":0,""rectanglelabels"":[""Right""],""original_width"":1280,""original_height"":720}]"
168,75,1,2023-07-21T15:39:44.528638Z,75,gs75588_Frame_76.jpg,"[{""x"":35.646387832699624,""y"":37.51584283903676,""width"":8.745247148288968,""height"":11.153358681875787,""rotation"":0,""rectanglelabels"":[""Right""],""original_width"":1280,""original_height"":720}]"
169,76,1,2023-07-21T15:40:04.443574Z,76,gs75588_Frame_77.jpg,"[{""x"":35.646387832699624,""y"":37.51584283903676,""width"":8.460076045627375,""height"":10.984368398817068,""rotation"":0,""rectanglelabels"":[""Right""],""original_width"":1280,""original_height"":720},{""x"":56.84410646387833,""y"":39.88170680185889,""width"":5.703422053231932,""height"":8.111533586818759,""rotation"":0,""rectanglelabels"":[""Stop""],""original_width"":1280,""original_height"":720}]"
170,77,1,2023-07-21T15:40:17.503817Z,77,gs75588_Frame_78.jpg,"[{""x"":35.741444866920155,""y"":37.34685255597803,""width"":8.555133079847906,""height"":11.322348964934513,""rotation"":0,""rectanglelabels"":[""Right""],""original_width"":1280,""original_height"":720},{""x"":56.749049429657795,""y"":40.38867765103507,""width"":5.7034220532319395,""height"":7.435572454583863,""rotation"":0,""rectanglelabels"":[""Stop""],""original_width"":1280,""original_height"":720}]"
171,78,1,2023-07-21T15:40:38.317305Z,78,gs75588_Frame_79.jpg,"[{""x"":35.551330798479086,""y"":37.51584283903676,""width"":8.840304182509506,""height"":11.322348964934513,""rotation"":0,""rectanglelabels"":[""Right""],""original_width"":1280,""original_height"":720},{""x"":56.93916349809886,""y"":40.21968736797634,""width"":5.5133079847908775,""height"":7.942543303760033,""rotation"":0,""rectanglelabels"":[""Stop""],""original_width"":1280,""original_height"":720}]"
172,79,1,2023-07-21T15:40:59.466849Z,79,gs75588_Frame_80.jpg,"[{""x"":35.646387832699624,""y"":37.8538234051542,""width"":8.840304182509499,""height"":10.815378115758342,""rotation"":0,""rectanglelabels"":[""Right""],""original_width"":1280,""original_height"":720},{""x"":57.22433460076045,""y"":40.72665821715251,""width"":5.038022813688215,""height"":7.097591888466418,""rotation"":0,""rectanglelabels"":[""Stop""],""original_width"":1280,""original_height"":720}]"
173,80,1,2023-07-21T15:42:37.784829Z,80,gs75588_Frame_81.jpg,"[{""x"":35.646387832699624,""y"":37.17786227291931,""width"":8.555133079847906,""height"":11.998310097169409,""rotation"":0,""rectanglelabels"":[""Right""],""original_width"":1280,""original_height"":720},{""x"":58.650190114068444,""y"":44.277096230042396,""width"":5.703422053231932,""height"":7.604562737642581,""rotation"":0,""rectanglelabels"":[""Stop""],""original_width"":1280,""original_height"":720},{""x"":59.6958174904943,""y"":45.122618799651384,""width"":4.752851711026615,""height"":5.914659907055345,""rotation"":0,""rectanglelabels"":[""Stop""],""original_width"":1280,""original_height"":720}]"
174,81,1,2023-07-21T15:42:45.677606Z,81,gs75588_Frame_82.jpg,
175,82,1,2023-07-21T15:42:55.878795Z,82,gs75588_Frame_83.jpg,
176,83,1,2023-07-21T15:43:43.837424Z,83,gs75588_Frame_84.jpg,"[{""x"":56.84410646387833,""y"":40.21968736797634,""width"":5.703422053231932,""height"":7.435572454583863,""rotation"":0,""rectanglelabels"":[""Stop""],""original_width"":1280,""original_height"":720}]"
177,84,1,2023-07-21T15:43:57.599097Z,84,gs75588_Frame_85.jpg,
178,1,1,2023-07-21T15:14:29.377331Z,1,gs75589_Frame_10.jpg,"[{""x"":37.5,""y"":38.88888888888889,""width"":6.114130434782609,""height"":8.454106280193237,""rotation"":0,""rectanglelabels"":[""Right""],""original_width"":1280,""original_height"":720},{""x"":59.782608695652165,""y"":40.82125603864734,""width"":4.076086956521753,""height"":6.521739130434781,""rotation"":0,""rectanglelabels"":[""Stop""],""original_width"":1280,""original_height"":720}]"
179,2,1,2023-07-21T15:15:28.783308Z,2,gs75589_Frame_10.jpg,"[{""x"":37.36413043478261,""y"":39.855072463768124,""width"":5.978260869565219,""height"":7.487922705314006,""rotation"":0,""rectanglelabels"":[""Right""],""original_width"":1280,""original_height"":720},{""x"":59.78260869565217,""y"":41.06280193236715,""width"":4.619565217391312,""height"":5.797101449275367,""rotation"":0,""rectanglelabels"":[""Stop""],""original_width"":1280,""original_height"":720}]"
180,3,1,2023-07-21T15:15:45.296154Z,3,gs75589_Frame_11.jpg,"[{""x"":37.22826086956522,""y"":39.371980676328505,""width"":6.657608695652172,""height"":8.212560386473434,""rotation"":0,""rectanglelabels"":[""Right""],""original_width"":1280,""original_height"":720},{""x"":59.64673913043478,""y"":40.09661835748793,""width"":5.027173913043484,""height"":7.729468599033822,""rotation"":0,""rectanglelabels"":[""Stop""],""original_width"":1280,""original_height"":720}]"
181,4,1,2023-07-21T15:16:07.505088Z,4,gs75589_Frame_12.jpg,"[{""x"":37.5,""y"":39.855072463768124,""width"":5.842391304347828,""height"":7.0048309178743935,""rotation"":0,""rectanglelabels"":[""Right""],""original_width"":1280,""original_height"":720},{""x"":60.05434782608695,""y"":41.54589371980677,""width"":4.7554347826087024,""height"":6.280193236714979,""rotation"":0,""rectanglelabels"":[""Stop""],""original_width"":1280,""original_height"":720}]"
182,5,1,2023-07-21T15:16:24.876102Z,5,gs75589_Frame_13.jpg,"[{""x"":37.22826086956522,""y"":39.613526570048315,""width"":6.385869565217391,""height"":7.487922705314006,""rotation"":0,""rectanglelabels"":[""Right""],""original_width"":1280,""original_height"":720},{""x"":59.5108695652174,""y"":40.82125603864735,""width"":4.6195652173912904,""height"":5.555555555555557,""rotation"":0,""rectanglelabels"":[""Stop""],""original_width"":1280,""original_height"":720}]"
183,6,1,2023-07-21T15:16:41.660817Z,6,gs75589_Frame_14.jpg,"[{""x"":37.36413043478261,""y"":39.613526570048315,""width"":6.25,""height"":7.487922705314006,""rotation"":0,""rectanglelabels"":[""Right""],""original_width"":1280,""original_height"":720},{""x"":59.91847826086957,""y"":41.30434782608696,""width"":4.076086956521742,""height"":4.347826086956523,""rotation"":0,""rectanglelabels"":[""Stop""],""original_width"":1280,""original_height"":720}]"
184,7,1,2023-07-21T15:16:57.058256Z,7,gs75589_Frame_15.jpg,"[{""x"":37.36413043478261,""y"":39.1304347826087,""width"":6.25,""height"":8.212560386473427,""rotation"":0,""rectanglelabels"":[""Right""],""original_width"":1280,""original_height"":720},{""x"":59.64673913043478,""y"":40.09661835748793,""width"":4.619565217391312,""height"":6.763285024154591,""rotation"":0,""rectanglelabels"":[""Stop""],""original_width"":1280,""original_height"":720}]"
185,8,1,2023-07-21T15:17:13.032425Z,8,gs75589_Frame_16.jpg,"[{""x"":37.22826086956522,""y"":39.371980676328505,""width"":5.842391304347828,""height"":7.729468599033815,""rotation"":0,""rectanglelabels"":[""Right""],""original_width"":1280,""original_height"":720},{""x"":60.05434782608695,""y"":40.82125603864735,""width"":3.8043478260869605,""height"":5.797101449275367,""rotation"":0,""rectanglelabels"":[""Stop""],""original_width"":1280,""original_height"":720}]"
186,9,1,2023-07-21T15:17:31.126590Z,9,gs75589_Frame_17.jpg,"[{""x"":37.63586956521739,""y"":39.371980676328505,""width"":5.978260869565219,""height"":8.454106280193244,""rotation"":0,""rectanglelabels"":[""Right""],""original_width"":1280,""original_height"":720},{""x"":59.91847826086957,""y"":40.82125603864735,""width"":3.8043478260869463,""height"":5.797101449275367,""rotation"":0,""rectanglelabels"":[""Stop""],""original_width"":1280,""original_height"":720}]"
187,10,1,2023-07-21T15:18:34.377863Z,10,gs75589_Frame_18.jpg,"[{""x"":37.09239130434783,""y"":39.613526570048315,""width"":6.385869565217391,""height"":7.729468599033815,""rotation"":0,""rectanglelabels"":[""Right""],""original_width"":1280,""original_height"":720},{""x"":60.05434782608695,""y"":40.579710144927546,""width"":4.21195652173914,""height"":5.79710144927536,""rotation"":0,""rectanglelabels"":[""Stop""],""original_width"":1280,""original_height"":720}]"
188,11,1,2023-07-21T15:18:47.652923Z,11,gs75589_Frame_19.jpg,"[{""x"":37.22826086956522,""y"":39.1304347826087,""width"":6.25,""height"":8.454106280193237,""rotation"":0,""rectanglelabels"":[""Right""],""original_width"":1280,""original_height"":720},{""x"":60.05434782608695,""y"":40.579710144927546,""width"":4.34782608695653,""height"":6.038647342995169,""rotation"":0,""rectanglelabels"":[""Stop""],""original_width"":1280,""original_height"":720}]"
189,12,1,2023-07-21T15:19:03.911808Z,12,gs75589_Frame_20.jpg,"[{""x"":37.63586956521739,""y"":39.371980676328505,""width"":5.706521739130437,""height"":7.971014492753625,""rotation"":0,""rectanglelabels"":[""Right""],""original_width"":1280,""original_height"":720},{""x"":59.64673913043478,""y"":40.82125603864735,""width"":5.027173913043484,""height"":5.797101449275367,""rotation"":0,""rectanglelabels"":[""Stop""],""original_width"":1280,""original_height"":720}]"
190,13,1,2023-07-21T15:19:24.135806Z,13,gs75589_Frame_21.jpg,"[{""x"":37.36413043478261,""y"":39.613526570048315,""width"":6.25,""height"":7.487922705314006,""rotation"":0,""rectanglelabels"":[""Right""],""original_width"":1280,""original_height"":720},{""x"":59.91847826086957,""y"":41.30434782608696,""width"":4.211956521739118,""height"":4.830917874396135,""rotation"":0,""rectanglelabels"":[""Stop""],""original_width"":1280,""original_height"":720}]"
191,14,1,2023-07-21T15:19:37.108586Z,14,gs75589_Frame_22.jpg,"[{""x"":37.5,""y"":39.371980676328505,""width"":5.978260869565219,""height"":8.212560386473434,""rotation"":0,""rectanglelabels"":[""Right""],""original_width"":1280,""original_height"":720},{""x"":59.91847826086957,""y"":40.82125603864735,""width"":4.6195652173912904,""height"":6.521739130434781,""rotation"":0,""rectanglelabels"":[""Stop""],""original_width"":1280,""original_height"":720}]"
192,15,1,2023-07-21T15:19:51.553635Z,15,gs75589_Frame_23.jpg,"[{""x"":37.36413043478261,""y"":40.338164251207736,""width"":5.706521739130437,""height"":6.280193236714979,""rotation"":0,""rectanglelabels"":[""Right""],""original_width"":1280,""original_height"":720},{""x"":59.64673913043478,""y"":41.54589371980677,""width"":4.7554347826087024,""height"":4.589371980676326,""rotation"":0,""rectanglelabels"":[""Stop""],""original_width"":1280,""original_height"":720}]"
193,16,1,2023-07-21T15:20:05.631508Z,16,gs75589_Frame_24.jpg,"[{""x"":37.36413043478261,""y"":40.338164251207736,""width"":5.842391304347821,""height"":7.0048309178743935,""rotation"":0,""rectanglelabels"":[""Right""],""original_width"":1280,""original_height"":720},{""x"":59.91847826086957,""y"":41.06280193236715,""width"":4.211956521739118,""height"":5.314009661835755,""rotation"":0,""rectanglelabels"":[""Stop""],""original_width"":1280,""original_height"":720}]"
194,17,1,2023-07-21T15:20:20.385444Z,17,gs75589_Frame_25.jpg,"[{""x"":37.36413043478261,""y"":40.579710144927546,""width"":5.978260869565219,""height"":6.763285024154584,""rotation"":0,""rectanglelabels"":[""Right""],""original_width"":1280,""original_height"":720},{""x"":60.190217391304344,""y"":40.338164251207736,""width"":4.076086956521749,""height"":5.3140096618357475,""rotation"":0,""rectanglelabels"":[""Stop""],""original_width"":1280,""original_height"":720}]"
195,18,1,2023-07-21T15:20:34.357198Z,18,gs75589_Frame_26.jpg,"[{""x"":37.36413043478261,""y"":39.613526570048315,""width"":5.978260869565219,""height"":7.487922705314006,""rotation"":0,""rectanglelabels"":[""Right""],""original_width"":1280,""original_height"":720},{""x"":60.05434782608695,""y"":40.338164251207736,""width"":3.8043478260869605,""height"":6.038647342995169,""rotation"":0,""rectanglelabels"":[""Stop""],""original_width"":1280,""original_height"":720}]"
196,19,1,2023-07-21T15:20:47.174909Z,19,gs75589_Frame_27.jpg,"[{""x"":36.95652173913043,""y"":39.371980676328505,""width"":6.5217391304347885,""height"":7.729468599033815,""rotation"":0,""rectanglelabels"":[""Right""],""original_width"":1280,""original_height"":720},{""x"":59.64673913043478,""y"":40.82125603864735,""width"":4.7554347826087024,""height"":6.280193236714972,""rotation"":0,""rectanglelabels"":[""Stop""],""original_width"":1280,""original_height"":720}]"
197,20,1,2023-07-21T15:22:02.225741Z,20,gs75589_Frame_28.jpg,"[{""x"":36.95652173913043,""y"":38.40579710144928,""width"":7.065217391304351,""height"":9.178743961352659,""rotation"":0,""rectanglelabels"":[""Right""],""original_width"":1280,""original_height"":720},{""x"":59.78260869565217,""y"":40.82125603864735,""width"":4.483695652173921,""height"":6.280193236714972,""rotation"":0,""rectanglelabels"":[""Stop""],""original_width"":1280,""original_height"":720}]"
198,21,1,2023-07-21T15:22:13.632750Z,21,gs75589_Frame_29.jpg,"[{""x"":36.82065217391305,""y"":38.88888888888889,""width"":7.065217391304344,""height"":8.695652173913047,""rotation"":0,""rectanglelabels"":[""Right""],""original_width"":1280,""original_height"":720},{""x"":59.64673913043478,""y"":41.30434782608696,""width"":4.34782608695653,""height"":5.79710144927536,""rotation"":0,""rectanglelabels"":[""Stop""],""original_width"":1280,""original_height"":720}]"
199,22,1,2023-07-21T15:22:38.349590Z,22,gs75589_Frame_30.jpg,"[{""x"":37.36413043478261,""y"":40.09661835748793,""width"":6.25,""height"":7.0048309178743935,""rotation"":0,""rectanglelabels"":[""Right""],""original_width"":1280,""original_height"":720},{""x"":59.78260869565217,""y"":41.06280193236715,""width"":4.891304347826093,""height"":6.280193236714979,""rotation"":0,""rectanglelabels"":[""Stop""],""original_width"":1280,""original_height"":720}]"
200,23,1,2023-07-21T15:22:51.129710Z,23,gs75589_Frame_31.jpg,"[{""x"":36.95652173913043,""y"":39.371980676328505,""width"":6.657608695652179,""height"":8.212560386473434,""rotation"":0,""rectanglelabels"":[""Right""],""original_width"":1280,""original_height"":720},{""x"":59.375,""y"":40.338164251207736,""width"":5.298913043478265,""height"":7.246376811594203,""rotation"":0,""rectanglelabels"":[""Stop""],""original_width"":1280,""original_height"":720}]"
201,24,1,2023-07-21T15:23:15.339279Z,24,gs75589_Frame_32.jpg,"[{""x"":36.684782608695656,""y"":39.613526570048315,""width"":7.3369565217391255,""height"":8.454106280193237,""rotation"":0,""rectanglelabels"":[""Right""],""original_width"":1280,""original_height"":720},{""x"":59.64673913043478,""y"":40.579710144927546,""width"":4.619565217391312,""height"":6.521739130434774,""rotation"":0,""rectanglelabels"":[""Stop""],""original_width"":1280,""original_height"":720}]"
202,25,1,2023-07-21T15:23:33.768098Z,25,gs75589_Frame_33.jpg,"[{""x"":36.95652173913043,""y"":40.09661835748793,""width"":7.065217391304351,""height"":8.212560386473434,""rotation"":0,""rectanglelabels"":[""Right""],""original_width"":1280,""original_height"":720},{""x"":59.64673913043478,""y"":40.338164251207736,""width"":4.619565217391312,""height"":7.0048309178743935,""rotation"":0,""rectanglelabels"":[""Stop""],""original_width"":1280,""original_height"":720}]"
203,26,1,2023-07-21T15:23:53.007905Z,26,gs75589_Frame_34.jpg,"[{""x"":37.09239130434783,""y"":39.371980676328505,""width"":7.201086956521742,""height"":8.695652173913047,""rotation"":0,""rectanglelabels"":[""Right""],""original_width"":1280,""original_height"":720},{""x"":59.91847826086957,""y"":40.82125603864735,""width"":4.483695652173914,""height"":6.763285024154591,""rotation"":0,""rectanglelabels"":[""Stop""],""original_width"":1280,""original_height"":720}]"
204,27,1,2023-07-21T15:24:36.182353Z,27,gs75589_Frame_35.jpg,"[{""x"":37.63586956521739,""y"":38.16425120772947,""width"":6.25,""height"":8.695652173913047,""rotation"":0,""rectanglelabels"":[""Right""],""original_width"":1280,""original_height"":720},{""x"":60.190217391304344,""y"":39.1304347826087,""width"":5.298913043478265,""height"":7.0048309178743935,""rotation"":0,""rectanglelabels"":[""Stop""],""original_width"":1280,""original_height"":720}]"
205,28,1,2023-07-21T15:24:53.129347Z,28,gs75589_Frame_36.jpg,"[{""x"":39.53804347826087,""y"":35.26570048309179,""width"":6.793478260869563,""height"":10.14492753623189,""rotation"":0,""rectanglelabels"":[""Right""],""original_width"":1280,""original_height"":720},{""x"":62.22826086956522,""y"":37.43961352657006,""width"":5.02717391304347,""height"":7.971014492753625,""rotation"":0,""rectanglelabels"":[""Stop""],""original_width"":1280,""original_height"":720}]"
206,29,1,2023-07-21T15:25:06.223826Z,29,gs75589_Frame_37.jpg,"[{""x"":41.440217391304344,""y"":36.714975845410635,""width"":7.201086956521742,""height"":10.628019323671495,""rotation"":0,""rectanglelabels"":[""Right""],""original_width"":1280,""original_height"":720},{""x"":63.858695652173914,""y"":39.1304347826087,""width"":5.70652173913043,""height"":8.212560386473427,""rotation"":0,""rectanglelabels"":[""Stop""],""original_width"":1280,""original_height"":720}]"
207,30,1,2023-07-21T15:25:18.740636Z,30,gs75589_Frame_38.jpg,"[{""x"":38.04347826086957,""y"":36.473429951690825,""width"":8.016304347826086,""height"":9.420289855072461,""rotation"":0,""rectanglelabels"":[""Right""],""original_width"":1280,""original_height"":720},{""x"":62.09239130434783,""y"":37.92270531400967,""width"":4.483695652173907,""height"":10.144927536231883,""rotation"":0,""rectanglelabels"":[""Stop""],""original_width"":1280,""original_height"":720}]"
208,31,1,2023-07-21T15:25:29.132820Z,31,gs75589_Frame_39.jpg,"[{""x"":37.09239130434783,""y"":36.473429951690825,""width"":8.69565217391304,""height"":10.628019323671495,""rotation"":0,""rectanglelabels"":[""Right""],""original_width"":1280,""original_height"":720},{""x"":61.41304347826087,""y"":38.64734299516909,""width"":4.755434782608695,""height"":8.212560386473427,""rotation"":0,""rectanglelabels"":[""Stop""],""original_width"":1280,""original_height"":720}]"
209,32,1,2023-07-21T15:27:57.480391Z,32,gs75589_Frame_40.jpg,"[{""x"":38.315217391304344,""y"":38.40579710144928,""width"":7.744565217391312,""height"":8.454106280193237,""rotation"":0,""rectanglelabels"":[""Right""],""original_width"":1280,""original_height"":720},{""x"":62.22826086956522,""y"":39.371980676328505,""width"":5.02717391304347,""height"":7.004830917874401,""rotation"":0,""rectanglelabels"":[""Stop""],""original_width"":1280,""original_height"":720}]"
210,33,1,2023-07-21T15:28:13.248440Z,33,gs75589_Frame_41.jpg,"[{""x"":37.22826086956522,""y"":36.95652173913044,""width"":8.288043478260867,""height"":10.144927536231883,""rotation"":0,""rectanglelabels"":[""Right""],""original_width"":1280,""original_height"":720},{""x"":61.41304347826087,""y"":37.68115942028986,""width"":6.114130434782616,""height"":10.14492753623189,""rotation"":0,""rectanglelabels"":[""Stop""],""original_width"":1280,""original_height"":720}]"
211,34,1,2023-07-21T15:28:25.520126Z,34,gs75589_Frame_42.jpg,"[{""x"":37.09239130434783,""y"":37.68115942028986,""width"":6.793478260869563,""height"":8.937198067632856,""rotation"":0,""rectanglelabels"":[""Right""],""original_width"":1280,""original_height"":720},{""x"":61.684782608695656,""y"":39.1304347826087,""width"":5.027173913043484,""height"":7.246376811594203,""rotation"":0,""rectanglelabels"":[""Stop""],""original_width"":1280,""original_height"":720}]"
212,35,1,2023-07-21T15:28:36.839775Z,35,gs75589_Frame_43.jpg,"[{""x"":36.41304347826087,""y"":36.473429951690825,""width"":7.744565217391305,""height"":10.14492753623189,""rotation"":0,""rectanglelabels"":[""Right""],""original_width"":1280,""original_height"":720},{""x"":61.277173913043484,""y"":38.88888888888889,""width"":5.978260869565204,""height"":7.487922705314013,""rotation"":0,""rectanglelabels"":[""Stop""],""original_width"":1280,""original_height"":720}]"
213,36,1,2023-07-21T15:29:01.082480Z,36,gs75589_Frame_44.jpg,"[{""x"":37.77173913043478,""y"":36.714975845410635,""width"":7.880434782608695,""height"":10.869565217391305,""rotation"":0,""rectanglelabels"":[""Right""],""original_width"":1280,""original_height"":720},{""x"":63.315217391304344,""y"":38.64734299516909,""width"":4.891304347826093,""height"":7.246376811594196,""rotation"":0,""rectanglelabels"":[""Stop""],""original_width"":1280,""original_height"":720}]"
214,37,1,2023-07-21T15:32:23.352898Z,37,gs75589_Frame_45.jpg,"[{""x"":41.825095057034225,""y"":37.17786227291931,""width"":7.79467680608365,""height"":9.463455851288543,""rotation"":0,""rectanglelabels"":[""Right""],""original_width"":1280,""original_height"":720}]"
215,38,1,2023-07-21T15:32:45.166084Z,38,gs75589_Frame_46.jpg,"[{""x"":44.39163498098859,""y"":37.51584283903676,""width"":7.414448669201526,""height"":9.294465568229825,""rotation"":0,""rectanglelabels"":[""Right""],""original_width"":1280,""original_height"":720},{""x"":70.34220532319392,""y"":39.712716518800164,""width"":4.277566539923939,""height"":7.097591888466418,""rotation"":0,""rectanglelabels"":[""Stop""],""original_width"":1280,""original_height"":720}]"
216,39,1,2023-07-21T15:33:39.557495Z,39,gs75589_Frame_47.jpg,"[{""x"":44.77186311787072,""y"":37.8538234051542,""width"":7.699619771863119,""height"":9.463455851288558,""rotation"":0,""rectanglelabels"":[""Right""],""original_width"":1280,""original_height"":720},{""x"":71.00760456273764,""y"":40.557667934093786,""width"":4.372623574144498,""height"":6.759611322348974,""rotation"":0,""rectanglelabels"":[""Stop""],""original_width"":1280,""original_height"":720}]"
217,40,1,2023-07-21T15:34:16.239191Z,40,gs75589_Frame_48.jpg,"[{""x"":44.77186311787072,""y"":37.00887198986058,""width"":7.699619771863119,""height"":9.125475285171106,""rotation"":0,""rectanglelabels"":[""Right""],""original_width"":1280,""original_height"":720},{""x"":71.48288973384031,""y"":39.37473595268272,""width"":4.087452471482877,""height"":7.435572454583863,""rotation"":0,""rectanglelabels"":[""Stop""],""original_width"":1280,""original_height"":720}]"
218,41,1,2023-07-21T15:34:38.948617Z,41,gs75589_Frame_49.jpg,"[{""x"":40.969581749049425,""y"":37.17786227291931,""width"":8.36501901140685,""height"":9.801436417405995,""rotation"":0,""rectanglelabels"":[""Right""],""original_width"":1280,""original_height"":720},{""x"":68.15589353612167,""y"":40.21968736797634,""width"":4.56273764258556,""height"":6.590621039290241,""rotation"":0,""rectanglelabels"":[""Stop""],""original_width"":1280,""original_height"":720}]"
219,42,1,2023-07-21T15:35:01.946491Z,42,gs75589_Frame_50.jpg,"[{""x"":40.874524714828894,""y"":35.825940008449514,""width"":8.555133079847913,""height"":10.139416983523446,""rotation"":0,""rectanglelabels"":[""Right""],""original_width"":1280,""original_height"":720},{""x"":68.15589353612167,""y"":38.698774820447824,""width"":5.038022813688215,""height"":7.604562737642581,""rotation"":0,""rectanglelabels"":[""Stop""],""original_width"":1280,""original_height"":720}]"
220,43,1,2023-07-21T15:40:12.092028Z,43,gs75589_Frame_51.jpg,"[{""x"":41.159695817490494,""y"":36.83988170680186,""width"":8.745247148288975,""height"":10.477397549640898,""rotation"":0,""rectanglelabels"":[""Right""],""original_width"":1280,""original_height"":720},{""x"":68.8212927756654,""y"":40.21968736797634,""width"":5.038022813688215,""height"":6.928601605407685,""rotation"":0,""rectanglelabels"":[""Stop""],""original_width"":1280,""original_height"":720}]"
221,44,1,2023-07-21T15:40:39.616702Z,44,gs75589_Frame_52.jpg,"[{""x"":45.43726235741445,""y"":36.33291085762569,""width"":7.604562737642588,""height"":9.801436417405995,""rotation"":0,""rectanglelabels"":[""Right""],""original_width"":1280,""original_height"":720},{""x"":88.40304182509506,""y"":42.24757076468103,""width"":3.3269961977186284,""height"":9.46345585128855,""rotation"":0,""rectanglelabels"":[""Left""],""original_width"":1280,""original_height"":720},{""x"":73.47908745247148,""y"":39.88170680185889,""width"":4.847908745247153,""height"":7.266582171525137,""rotation"":0,""rectanglelabels"":[""Stop""],""original_width"":1280,""original_height"":720}]"
222,45,1,2023-07-21T15:41:02.289033Z,45,gs75589_Frame_53.jpg,"[{""x"":40.20912547528518,""y"":35.31896915927334,""width"":8.93536121673003,""height"":11.32234896493452,""rotation"":0,""rectanglelabels"":[""Right""],""original_width"":1280,""original_height"":720},{""x"":69.01140684410646,""y"":38.5297845373891,""width"":5.133079847908746,""height"":7.435572454583863,""rotation"":0,""rectanglelabels"":[""Stop""],""original_width"":1280,""original_height"":720},{""x"":85.17110266159695,""y"":41.06463878326996,""width"":3.0418250950570496,""height"":9.463455851288558,""rotation"":0,""rectanglelabels"":[""Left""],""original_width"":1280,""original_height"":720}]"
223,46,1,2023-07-21T15:41:24.654313Z,46,gs75589_Frame_54.jpg,"[{""x"":39.258555133079845,""y"":35.48795944233207,""width"":9.220532319391637,""height"":11.660329531051957,""rotation"":0,""rectanglelabels"":[""Right""],""original_width"":1280,""original_height"":720},{""x"":68.44106463878326,""y"":39.37473595268272,""width"":5.4182509505703536,""height"":7.773553020701307,""rotation"":0,""rectanglelabels"":[""Stop""],""original_width"":1280,""original_height"":720},{""x"":85.93155893536122,""y"":42.24757076468103,""width"":2.756653992395428,""height"":10.139416983523454,""rotation"":0,""rectanglelabels"":[""Left""],""original_width"":1280,""original_height"":720}]"
224,47,1,2023-07-21T15:42:18.599682Z,47,gs75589_Frame_55.jpg,"[{""x"":41.159695817490494,""y"":35.14997887621462,""width"":8.365019011406844,""height"":11.32234896493452,""rotation"":0,""rectanglelabels"":[""Right""],""original_width"":1280,""original_height"":720},{""x"":70.43726235741445,""y"":38.86776510350655,""width"":5.323193916349794,""height"":8.111533586818759,""rotation"":0,""rectanglelabels"":[""Stop""],""original_width"":1280,""original_height"":720},{""x"":87.92775665399239,""y"":40.89564850021124,""width"":3.3269961977186426,""height"":9.970426700464728,""rotation"":0,""rectanglelabels"":[""Left""],""original_width"":1280,""original_height"":720}]"
225,48,1,2023-07-21T15:42:42.152846Z,48,gs75589_Frame_56.jpg,"[{""x"":40.20912547528518,""y"":34.47401774397972,""width"":8.745247148288968,""height"":11.153358681875794,""rotation"":0,""rectanglelabels"":[""Right""],""original_width"":1280,""original_height"":720},{""x"":70.05703422053232,""y"":37.8538234051542,""width"":5.3231939163498225,""height"":7.942543303760033,""rotation"":0,""rectanglelabels"":[""Stop""],""original_width"":1280,""original_height"":720},{""x"":88.59315589353612,""y"":39.205745669624,""width"":3.0418250950570354,""height"":10.646387832699617,""rotation"":0,""rectanglelabels"":[""Left""],""original_width"":1280,""original_height"":720}]"
226,49,1,2023-07-21T15:43:00.566482Z,49,gs75589_Frame_57.jpg,"[{""x"":37.9277566539924,""y"":35.48795944233207,""width"":9.315589353612168,""height"":11.998310097169409,""rotation"":0,""rectanglelabels"":[""Right""],""original_width"":1280,""original_height"":720},{""x"":69.01140684410646,""y"":39.205745669624,""width"":4.752851711026622,""height"":8.111533586818759,""rotation"":0,""rectanglelabels"":[""Stop""],""original_width"":1280,""original_height"":720}]"
227,50,1,2023-07-21T15:43:15.158109Z,50,gs75589_Frame_58.jpg,"[{""x"":37.0722433460076,""y"":34.98098859315589,""width"":9.79087452471483,""height"":12.505280946345586,""rotation"":0,""rectanglelabels"":[""Right""],""original_width"":1280,""original_height"":720},{""x"":68.34600760456274,""y"":39.036755386565275,""width"":5.133079847908732,""height"":8.449514152936203,""rotation"":0,""rectanglelabels"":[""Stop""],""original_width"":1280,""original_height"":720}]"
228,51,1,2023-07-21T15:43:26.193165Z,51,gs75589_Frame_59.jpg,"[{""x"":39.543726235741445,""y"":34.47401774397972,""width"":10.266159695817485,""height"":12.33629066328686,""rotation"":0,""rectanglelabels"":[""Right""],""original_width"":1280,""original_height"":720},{""x"":71.7680608365019,""y"":38.19180397127165,""width"":5.038022813688215,""height"":8.449514152936203,""rotation"":0,""rectanglelabels"":[""Stop""],""original_width"":1280,""original_height"":720}]"
229,52,1,2023-07-21T15:43:41.413664Z,52,gs75589_Frame_60.jpg,"[{""x"":40.969581749049425,""y"":34.98098859315589,""width"":9.695817490494306,""height"":12.843261512463037,""rotation"":0,""rectanglelabels"":[""Right""],""original_width"":1280,""original_height"":720},{""x"":73.00380228136882,""y"":39.37473595268272,""width"":5.038022813688215,""height"":8.280523869877484,""rotation"":0,""rectanglelabels"":[""Stop""],""original_width"":1280,""original_height"":720}]"
230,53,1,2023-07-21T15:43:57.754001Z,53,gs75589_Frame_61.jpg,"[{""x"":43.06083650190114,""y"":34.47401774397972,""width"":9.980988593155892,""height"":13.350232361639208,""rotation"":0,""rectanglelabels"":[""Right""],""original_width"":1280,""original_height"":720},{""x"":75.38022813688214,""y"":39.37473595268272,""width"":5.323193916349808,""height"":7.94254330376004,""rotation"":0,""rectanglelabels"":[""Stop""],""original_width"":1280,""original_height"":720}]"
231,54,1,2023-07-21T15:44:11.439540Z,54,gs75589_Frame_62.jpg,"[{""x"":45.53231939163498,""y"":34.64300802703845,""width"":10.266159695817493,""height"":13.519222644697926,""rotation"":0,""rectanglelabels"":[""Right""],""original_width"":1280,""original_height"":720},{""x"":77.66159695817491,""y"":40.050697084917616,""width"":5.51330798479087,""height"":8.618504435994929,""rotation"":0,""rectanglelabels"":[""Stop""],""original_width"":1280,""original_height"":720}]"
232,55,1,2023-07-21T15:44:24.996708Z,55,gs75589_Frame_63.jpg,"[{""x"":43.72623574144487,""y"":34.64300802703845,""width"":10.456273764258555,""height"":13.3502323616392,""rotation"":0,""rectanglelabels"":[""Right""],""original_width"":1280,""original_height"":720},{""x"":76.71102661596959,""y"":39.88170680185889,""width"":5.418250950570339,""height"":8.280523869877484,""rotation"":0,""rectanglelabels"":[""Stop""],""original_width"":1280,""original_height"":720}]"
233,56,1,2023-07-21T15:44:36.537063Z,56,gs75589_Frame_64.jpg,"[{""x"":42.49049429657795,""y"":34.305027460920996,""width"":9.980988593155892,""height"":12.84326151246303,""rotation"":0,""rectanglelabels"":[""Right""],""original_width"":1280,""original_height"":720},{""x"":75.76045627376425,""y"":38.698774820447824,""width"":4.657794676806105,""height"":8.449514152936203,""rotation"":0,""rectanglelabels"":[""Stop""],""original_width"":1280,""original_height"":720}]"
234,57,1,2023-07-21T15:44:50.186393Z,57,gs75589_Frame_65.jpg,"[{""x"":40.969581749049425,""y"":31.77017321504014,""width"":10.2661596958175,""height"":14.702154626109,""rotation"":0,""rectanglelabels"":[""Right""],""original_width"":1280,""original_height"":720},{""x"":74.7148288973384,""y"":38.02281368821293,""width"":5.51330798479087,""height"":9.125475285171099,""rotation"":0,""rectanglelabels"":[""Stop""],""original_width"":1280,""original_height"":720}]"
235,58,1,2023-07-21T15:45:08.648288Z,58,gs75589_Frame_66.jpg,"[{""x"":38.87832699619772,""y"":34.305027460920996,""width"":11.216730038022817,""height"":13.012251795521763,""rotation"":0,""rectanglelabels"":[""Right""],""original_width"":1280,""original_height"":720},{""x"":73.47908745247148,""y"":38.698774820447824,""width"":5.798479087452478,""height"":8.787494719053655,""rotation"":0,""rectanglelabels"":[""Stop""],""original_width"":1280,""original_height"":720}]"
236,59,1,2023-07-21T15:45:26.712883Z,59,gs75589_Frame_67.jpg,"[{""x"":38.11787072243346,""y"":33.460076045627375,""width"":9.980988593155892,""height"":13.181242078580482,""rotation"":0,""rectanglelabels"":[""Right""],""original_width"":1280,""original_height"":720},{""x"":72.90874524714829,""y"":38.5297845373891,""width"":4.752851711026622,""height"":8.95648500211238,""rotation"":0,""rectanglelabels"":[""Stop""],""original_width"":1280,""original_height"":720}]"
237,60,1,2023-07-21T15:45:37.612888Z,60,gs75589_Frame_68.jpg,"[{""x"":36.40684410646388,""y"":32.27714406421631,""width"":11.121673003802279,""height"":15.20912547528517,""rotation"":0,""rectanglelabels"":[""Right""],""original_width"":1280,""original_height"":720},{""x"":71.7680608365019,""y"":38.02281368821293,""width"":5.418250950570339,""height"":9.46345585128855,""rotation"":0,""rectanglelabels"":[""Stop""],""original_width"":1280,""original_height"":720}]"
238,61,1,2023-07-21T15:45:48.161112Z,61,gs75589_Frame_69.jpg,"[{""x"":36.59695817490494,""y"":33.6290663286861,""width"":10.456273764258555,""height"":14.026193493874104,""rotation"":0,""rectanglelabels"":[""Right""],""original_width"":1280,""original_height"":720},{""x"":71.57794676806084,""y"":37.8538234051542,""width"":5.608365019011401,""height"":9.801436417406002,""rotation"":0,""rectanglelabels"":[""Stop""],""original_width"":1280,""original_height"":720}]"
239,62,1,2023-07-21T15:45:57.804185Z,62,gs75589_Frame_70.jpg,"[{""x"":37.3574144486692,""y"":33.798056611744826,""width"":10.931558935361217,""height"":14.364174059991548,""rotation"":0,""rectanglelabels"":[""Right""],""original_width"":1280,""original_height"":720},{""x"":73.28897338403041,""y"":38.86776510350655,""width"":5.513307984790885,""height"":9.294465568229825,""rotation"":0,""rectanglelabels"":[""Stop""],""original_width"":1280,""original_height"":720}]"
240,63,1,2023-07-21T15:46:08.913740Z,63,gs75589_Frame_71.jpg,"[{""x"":38.11787072243346,""y"":33.96704689480355,""width"":10.076045627376423,""height"":14.026193493874096,""rotation"":0,""rectanglelabels"":[""Right""],""original_width"":1280,""original_height"":720},{""x"":73.09885931558935,""y"":38.698774820447824,""width"":6.273764258555133,""height"":10.139416983523446,""rotation"":0,""rectanglelabels"":[""Stop""],""original_width"":1280,""original_height"":720}]"
241,64,1,2023-07-21T15:46:16.413413Z,64,gs75589_Frame_72.jpg,"[{""x"":38.78326996197718,""y"":33.460076045627375,""width"":12.07224334600761,""height"":16.223067173637517,""rotation"":0,""rectanglelabels"":[""Right""],""original_width"":1280,""original_height"":720}]"
242,65,1,2023-07-21T15:46:25.237522Z,65,gs75589_Frame_73.jpg,"[{""x"":38.21292775665399,""y"":32.10815378115758,""width"":12.547528517110266,""height"":16.392057456696243,""rotation"":0,""rectanglelabels"":[""Right""],""original_width"":1280,""original_height"":720}]"
243,66,1,2023-07-21T15:46:35.431744Z,66,gs75589_Frame_74.jpg,"[{""x"":38.68821292775665,""y"":31.93916349809886,""width"":12.547528517110273,""height"":16.561047739754965,""rotation"":0,""rectanglelabels"":[""Right""],""original_width"":1280,""original_height"":720},{""x"":75.2851711026616,""y"":38.19180397127165,""width"":5.893536121673009,""height"":9.294465568229825,""rotation"":0,""rectanglelabels"":[""Stop""],""original_width"":1280,""original_height"":720}]"
244,67,1,2023-07-21T15:47:03.800712Z,67,gs75589_Frame_75.jpg,"[{""x"":38.11787072243346,""y"":31.09421208280524,""width"":13.21292775665399,""height"":16.89902830587241,""rotation"":0,""rectanglelabels"":[""Right""],""original_width"":1280,""original_height"":720},{""x"":75.66539923954373,""y"":37.00887198986058,""width"":5.038022813688215,""height"":10.477397549640898,""rotation"":0,""rectanglelabels"":[""Stop""],""original_width"":1280,""original_height"":720}]"
245,68,1,2023-07-21T15:47:13.685039Z,68,gs75589_Frame_76.jpg,"[{""x"":39.163498098859314,""y"":30.756231516687794,""width"":12.832699619771866,""height"":17.068018588931135,""rotation"":0,""rectanglelabels"":[""Right""],""original_width"":1280,""original_height"":720},{""x"":76.14068441064639,""y"":37.684833122095476,""width"":5.893536121673009,""height"":10.139416983523454,""rotation"":0,""rectanglelabels"":[""Stop""],""original_width"":1280,""original_height"":720}]"
246,69,1,2023-07-21T15:47:24.785256Z,69,gs75589_Frame_77.jpg,"[{""x"":40.3041825095057,""y"":31.09421208280524,""width"":14.543726235741453,""height"":18.081960287283483,""rotation"":0,""rectanglelabels"":[""Right""],""original_width"":1280,""original_height"":720},{""x"":77.9467680608365,""y"":38.5297845373891,""width"":6.844106463878333,""height"":10.308407266582172,""rotation"":0,""rectanglelabels"":[""Stop""],""original_width"":1280,""original_height"":720}]"
247,70,1,2023-07-21T15:47:37.397104Z,70,gs75589_Frame_78.jpg,"[{""x"":42.68060836501901,""y"":28.7283481199831,""width"":14.92395437262357,""height"":19.940853400929445,""rotation"":0,""rectanglelabels"":[""Right""],""original_width"":1280,""original_height"":720},{""x"":80.70342205323195,""y"":38.19180397127165,""width"":7.129277566539912,""height"":10.815378115758342,""rotation"":0,""rectanglelabels"":[""Stop""],""original_width"":1280,""original_height"":720}]"
248,71,1,2023-07-21T15:47:48.602913Z,71,gs75589_Frame_79.jpg,"[{""x"":44.67680608365019,""y"":29.57329953527672,""width"":14.353612167300376,""height"":19.095901985635823,""rotation"":0,""rectanglelabels"":[""Right""],""original_width"":1280,""original_height"":720},{""x"":82.88973384030417,""y"":38.698774820447824,""width"":6.083650190114071,""height"":10.477397549640898,""rotation"":0,""rectanglelabels"":[""Stop""],""original_width"":1280,""original_height"":720}]"
249,72,1,2023-07-21T15:47:59.332342Z,72,gs75589_Frame_80.jpg,"[{""x"":44.48669201520912,""y"":29.57329953527672,""width"":14.06844106463879,""height"":18.419940853400927,""rotation"":0,""rectanglelabels"":[""Right""],""original_width"":1280,""original_height"":720},{""x"":82.60456273764258,""y"":38.36079425433038,""width"":6.844106463878333,""height"":11.322348964934513,""rotation"":0,""rectanglelabels"":[""Stop""],""original_width"":1280,""original_height"":720}]"
250,73,1,2023-07-21T15:48:10.542553Z,73,gs75589_Frame_81.jpg,"[{""x"":43.06083650190114,""y"":29.235318969159273,""width"":13.973384030418245,""height"":20.109843683988174,""rotation"":0,""rectanglelabels"":[""Right""],""original_width"":1280,""original_height"":720},{""x"":81.74904942965779,""y"":38.86776510350655,""width"":6.463878326996209,""height"":11.322348964934513,""rotation"":0,""rectanglelabels"":[""Stop""],""original_width"":1280,""original_height"":720}]"
251,74,1,2023-07-21T15:48:21.507788Z,74,gs75589_Frame_82.jpg,"[{""x"":41.254752851711025,""y"":29.235318969159273,""width"":15.114068441064639,""height"":20.785804816223063,""rotation"":0,""rectanglelabels"":[""Right""],""original_width"":1280,""original_height"":720},{""x"":80.89353612167301,""y"":38.698774820447824,""width"":6.273764258555133,""height"":11.153358681875794,""rotation"":0,""rectanglelabels"":[""Stop""],""original_width"":1280,""original_height"":720}]"
252,75,1,2023-07-21T15:48:32.925855Z,75,gs75589_Frame_83.jpg,"[{""x"":39.258555133079845,""y"":28.7283481199831,""width"":15.77946768060837,""height"":19.940853400929445,""rotation"":0,""rectanglelabels"":[""Right""],""original_width"":1280,""original_height"":720},{""x"":80.32319391634981,""y"":38.19180397127165,""width"":5.51330798479087,""height"":10.47739754964089,""rotation"":0,""rectanglelabels"":[""Stop""],""original_width"":1280,""original_height"":720}]"
253,76,1,2023-07-21T15:48:43.060664Z,76,gs75589_Frame_84.jpg,"[{""x"":39.06844106463878,""y"":28.052386987748207,""width"":15.399239543726239,""height"":21.29277566539924,""rotation"":0,""rectanglelabels"":[""Right""],""original_width"":1280,""original_height"":720},{""x"":79.94296577946768,""y"":38.02281368821293,""width"":6.178707224334602,""height"":10.984368398817068,""rotation"":0,""rectanglelabels"":[""Stop""],""original_width"":1280,""original_height"":720}]"
254,77,1,2023-07-21T15:48:53.975952Z,77,gs75589_Frame_85.jpg,"[{""x"":38.11787072243346,""y"":28.052386987748207,""width"":16.920152091254756,""height"":21.630756231516685,""rotation"":0,""rectanglelabels"":[""Right""],""original_width"":1280,""original_height"":720},{""x"":79.75285171102662,""y"":38.02281368821293,""width"":6.749049429657788,""height"":10.984368398817068,""rotation"":0,""rectanglelabels"":[""Stop""],""original_width"":1280,""original_height"":720}]"
255,78,1,2023-07-21T15:49:04.978562Z,78,gs75589_Frame_86.jpg,"[{""x"":39.06844106463878,""y"":27.714406421630756,""width"":16.730038022813687,""height"":21.630756231516692,""rotation"":0,""rectanglelabels"":[""Right""],""original_width"":1280,""original_height"":720},{""x"":80.98859315589354,""y"":38.5297845373891,""width"":6.368821292775664,""height"":10.81537811575835,""rotation"":0,""rectanglelabels"":[""Stop""],""original_width"":1280,""original_height"":720}]"
256,79,1,2023-07-21T15:49:16.263505Z,79,gs75589_Frame_87.jpg,"[{""x"":42.11026615969582,""y"":25.686523024926068,""width"":16.159695817490494,""height"":22.137727080692862,""rotation"":0,""rectanglelabels"":[""Right""],""original_width"":1280,""original_height"":720},{""x"":84.22053231939164,""y"":37.17786227291931,""width"":5.608365019011416,""height"":12.674271229404305,""rotation"":0,""rectanglelabels"":[""Stop""],""original_width"":1280,""original_height"":720}]"
257,80,1,2023-07-21T15:50:05.692104Z,80,gs75589_Frame_88.jpg,"[{""x"":42.585551330798474,""y"":24.841571609632446,""width"":18.726235741444874,""height"":25.855513307984793,""rotation"":0,""rectanglelabels"":[""Right""],""original_width"":1280,""original_height"":720}]"
